,ID
0,01kcPWA9K2BOxQeS5Rju
1,01SuzwMJEIXsK7A8dQbl
2,02K5GMYITj7bBoAisEmD
3,02zcUmKV16Lya5xqnPGB
4,04BfoQRA6XEshiNuI7pF
5,04EjIdbPV5e1XroFOpiN
6,04sJnMaORYc1SV5pKjrP
7,05aiMRw13bYWqZ8OHvjl
8,05rJTUWYAKNegBk2wE8X
9,065EZhxgbLRSHsB87uIF
10,06arUi9q3wHS2C8RZxeB
11,0ASH2csN7k8jZyoRaqtn
12,0AV6MPlrTWG4fYI7NBtQ
13,0aVxkvmflEizUBG2rMT4
14,0BFIPv1rO83whtpMYyAs
15,0bjN3Kgw5OATSreRmEdi
16,0BLbmzJRkjNynCgQIdtV
17,0CPaAXtyswrBq83D6VEg
18,0Cq4wfhLrKBJiut1lYAZ
19,0CzL6rfwaTqGOu9eghBt
20,0czUXKSCiGY2j5mxLdWa
21,0daTri9PSkeEsVHu5Dhw
22,0Dk7Wd8MERu3b5rmQzCK
23,0dkuzUXLTEFwW71vP5bS
24,0dnTixlMYzDUpsvEVrGc
25,0EAdHtLDypMcwjTFJziC
26,0eN9lyQfwmTVk7C2ZoYp
27,0Fu9oETtMW4zlg1ZrUy6
28,0fxgjYEClPL1BDbcshzJ
29,0GbMkYlNyt72OzBjIcVh
30,0gHs6DEouiCPAcmWFrTX
31,0GUIi7xAlODwZ4YBenNM
32,0GvtWEPUBfDAcMbiYVSR
33,0gWUIudhwovMYb3NSnZA
34,0H63jydvIahOVqgx5Kfo
35,0hAlkjTR1Q6PewMczavb
36,0HcZRmLi9VTpuQJCoXny
37,0I4ZVvngsAatm8fzD3pk
38,0icJrNnmPvDqVQkC3we1
39,0IelgX5H2s14KutkEyNU
40,0itbI5mjJF28ocTkrUf9
41,0IyaidUKRqnt2PDfOzHT
42,0jAopX629OwEH8WPkzVU
43,0JBNEWmdi7GptrK5qYD9
44,0K4sTCLtrIJ5SinQbe7u
45,0l5IobyKpuqcwO4NxfgD
46,0LQSi5wnRZ3muIs6Mx9E
47,0LVqvlHF8PuepodIiBUb
48,0M7aSiE9csDzkmfKheVt
49,0m94tRnhgpsAUuY1L8KC
50,0mcWyK6unLRGV8Hfr97Y
51,0mfwTlekXE1poYAnqMRO
52,0NiOTDde1ktxg954SJFE
53,0NXFnJyOEhBAISKfiU67
54,0NyfGXt8nmlK72Q9Irhs
55,0otC2dSxuGDzY6XHLkq3
56,0P6tEopzr2mIhkuOKiCD
57,0p8RCBnvzTYMlId9SoZL
58,0pLrSeQMbqfCc2IZHUaO
59,0pQ123lKqiLJtFTwjBfG
60,0pqtVjvLk89PdYr5MwZO
61,0pTO4SVnWDehgUlYBAvq
62,0Q4ALVSRnlHUBjyOb1sw
63,0qjuDC7Rhx9rHkLlItAp
64,0qPGt4cRVk9NoiJgubf2
65,0qpMX5CZU8mgD2kaRNVv
66,0qV43bnIcBDPF1WlG6tJ
67,0R3rxkTidWOuPI5MUbL6
68,0rgi8OfjvwKbA57IXVcE
69,0rGlKyvn5Vo67RaDhPti
70,0rlkeuBLpWm15TyFRHUJ
71,0RlWbvBk9rEtVZ74KAen
72,0RvUg8rntNxyDHPJeEYG
73,0SIqXMkDBWKE8s9pQaOv
74,0SkbpFZGvraL6fQXTzol
75,0sM6DQlxcP3oAfd9ZVBT
76,0sMxy5SNLu1YCkKJzaB3
77,0sYDNzwVMaWE2TIZeA81
78,0TBj7glMRJScN9GmOzyi
79,0tNShPVGYWjcmT2yXLdq
80,0TpWNF7ULhd4Yk5bXQyP
81,0TqZzRJOeno9NKpHIba5
82,0u3DIJTqnpkgl87VSbOL
83,0ufTUZyESk6MepA7vzKJ
84,0UwHZzuXy7GFStRKEgdx
85,0wkFafuhqSr1Z5J7K6C9
86,0WQtf1pNPdRqUI7KJFAT
87,0x47zZTBynC21leohIEs
88,0X8fojtR6QIblypvHLsM
89,0XEmjdgVyY6hWfKulvCi
90,0xfjbVBPYX1pSt4rdWOe
91,0Xm5sqBgQASUyFui2kbH
92,0XrH26wcU1ASsvK5ZqhD
93,0XVbihU4clgRS9A6tsB2
94,0zfLRXlhm34ASQUtrdjV
95,10H9detwuiZByNSRMmxf
96,129LWuNOIS0RjQnq5om6
97,15loeAHtkJa8BuFi6Zry
98,15mfGKRS6aVevjAoYL8w
99,15uCdAByiF48LpZ3YS6Q
100,17jNaPkYIgvUyw9HxC5D
101,17kCoALmxaXpcNzd5KnE
102,18eZt9qWksQhoY3K60aE
103,18T9jLsd0DZQc2aRrSpb
104,194Iy5xv8QRz7XMTnmAk
105,19b2dlEtWXyeiqc67Bof
106,19BtdpKYGOSyX3oZsirc
107,19emSiJG8vrZgT2zXEIY
108,19hXQ2ODt6WvpEdxTGmo
109,19xM5LfBYviATcUkEOPm
110,1aDvVlWtPApk6EuKLdCG
111,1AfYJKywcXSiI6H80nqE
112,1AhLOsNdHzDPfJrSXmQC
113,1cB6EdrmebFjAX3QHkS9
114,1CbXMgAIJtiNLR0So9ul
115,1dJWqVSQnsAKBXNkgy6j
116,1DNWriJEg56S03yvjTBu
117,1e8SrDV6mBgLUJQXOK2w
118,1eJx34l8pcAFvMuOwrjB
119,1esMpo6SAPHiTUGEb3Bt
120,1ezc5qf2alj08CsSw7Er
121,1FAxSngsym35phwROGl0
122,1Flm7qajnOzdtwBZ29gL
123,1fZPmkixLgY8KqnOQd5E
124,1GRsOmJXetEkqIraBuSd
125,1HJhGL4zxVvcI2se07in
126,1hvs5Z9VJaFmwSDnxi6u
127,1hzZA7JPylptLbxKYOmI
128,1IjdZ2HuarlMYEBFbTCK
129,1iPIVbHFlw5Mcyn8D2Nu
130,1IqjvX7dTxCu54M0ylBE
131,1IyCi4PMVRA9ULJ8ZlGd
132,1jinhWv67o4ODebAw5Q2
133,1JPWLhrtsalBVpyGSKw5
134,1KCvMqIFUoaB6wfOc2xQ
135,1kfhXMSUYKtn7uciR6HV
136,1KjwODdhC3VxA4MSLbFI
137,1KjZ4An78sOytkzgRL0E
138,1L8Wt9XTV3pInwaqiobG
139,1LE6uK9BdgNXIcSTnrMJ
140,1MQI2rYz86Sbxa5WhCFG
141,1MsThSACGflQ7u8cp40o
142,1mStzMaQ8RUVBx7TkF4o
143,1nfCmTztiuIMUsr8Eo7b
144,1pbue49Pjf0hxXSNlnmH
145,1pCDZ6lLytxzQOKYXqe3
146,1pf8sevSo3OYJnhcZX6M
147,1PGWZqdnurksDEYgbB9X
148,1pjg7bvn9oxqzCOPN2kZ
149,1PNSFdXH4QYaky5T0n8Z
150,1qtPBkfg8NicIxdaOXGo
151,1QuMnTw8zc3oWLSZ4KXt
152,1r6oKe4cpzuBjOYIhEsL
153,1rpACyIiMJjE8mxc3NK4
154,1S48g5NjfO0arVmqcoU2
155,1SH4t9y0IAoE8QP5NvXp
156,1Skcwz5YxWihMqIyt30X
157,1sOzen4EwI3a2UkSJmT5
158,1sqBw5DpJaRkx4SlQdLY
159,1T0BWPoJVtNFzsycKhlr
160,1TVNfZcvR09FtU2aPdxK
161,1uL0bOdvywrYSTBphUZg
162,1UTZYe5EDXVz7qvomI4h
163,1V7jotm35ZqeHdGcTrPD
164,1VDamNFKYErzIjbfxRh2
165,1vhszDdnUVgZ9M5kRYQx
166,1VMhvfCS30zbeFK4UZxL
167,1WCXg8qEtJFITMilaf6k
168,1WJXH29t4FmdcLBK5DNR
169,1WysH96E7LwIYafNrmO3
170,1xhTCaBpdsUkSWNr4fg2
171,1XtkeS5VmHTrwaRGAzMh
172,1xVIAaOrkQePGlBLpMgs
173,1yC7BzWHgtI2FibhQ0km
174,1yIvRAMqz0K6xXPBZfQ8
175,1zOQywEgDm4CquxkWrJd
176,1zP8Fh4ZWpELUrXB7Say
177,2037kCYJ5fZKPw4oDGX1
178,21ORx5nk8fcZH4eWDImo
179,21S5IzZvPWd0MQr9yoq4
180,21XVtgk6bMRdLWP4xoKs
181,25JcvPNOIBXgSrAEtpUy
182,25jQ4xItcnbB6Hfo0E9T
183,2617zwnbHU3jrseQZim5
184,26ReFDsbVBn7JTrYv91g
185,26xuQtiVm9qcW0ErByXF
186,279EOCqmnPGMfixzTuwJ
187,280npuOwNHdxPDVmAyLT
188,28U1hRkQ6Yl57493ZdXD
189,294DyEi30U6TVeFSrClm
190,29VrODhT6jpK5fxnkaFu
191,2A6SgLfdzGEopT7XcQhD
192,2bdEFfrZnB04XGIDig3t
193,2bGNC89glvMTi6ydPt1S
194,2CfJMa5HIn6D1d9EXbpe
195,2CG9IWLp3BJcZNDVtFio
196,2DbfJX4WgzP0R8BwrHyS
197,2ec5nrOmxDFqKTf3pYGA
198,2EgZDWKnJV3Gz4TkIiYU
199,2EkHfwNj5o7JcDq6UzuG
200,2EQ7bhH8pDCsW45djNeR
201,2eSoCjQzDri3E0cuxUYb
202,2fGKSL70vMkXTuDg4FtE
203,2fJyCR49hpGrWIZ7F6tH
204,2fl8q7dsoC1PwApx6QNg
205,2FM7DbSIHweyXBx8UVNQ
206,2fsOxnz0hDMp6Qt17PoN
207,2gXZWDA3VeTPr1I7pjYa
208,2hTrdmFwQlPRMXUcyA3E
209,2ISirUkfPhltjXVQ86Ge
210,2IyqEP09z683Sx5XWmao
211,2jf7mkt8YCUM3AriKVas
212,2Jfm9sAlG3DWCI0cpSYw
213,2JfpcM9ACq4XatFLho8z
214,2jHV3wyk5aDGBs9SFCvW
215,2JpSgz3vxQqm9H4EIRhV
216,2kjJp4LQZsyxwquaB7WA
217,2kS0UbYlHrFLP1EGwM3C
218,2lv0CPzQVLwtcAKZT1FB
219,2M4c9artOHkgiC6dRjfX
220,2mBVr9lk6YuoNQH4AxvT
221,2MgFXNYimTJpIzKVE5wn
222,2mxSawkpOF5oK4gJGqTV
223,2mxzRY0nGXtkb45lDrqC
224,2mypfAUu04n7R1PBMLZq
225,2NakDPd4GWEwzuHhTx5o
226,2NHmrIL6Gyut0hfQDACw
227,2NvEQCbmDXczPtxO6MK0
228,2obDBHNAI89aSGFfnYZP
229,2ondxDIwf4si7URbH1ZJ
230,2oPaLFU6SQDdZ45Wu0EB
231,2oUq3FLziRydvHSXM7na
232,2oyTpmYF4tSuBH9kXQc7
233,2pdHWrsICS6VPXhfyEwl
234,2Q3O0EUydTbhDIxVAztg
235,2qAtoGOuMQZdmH3y7bEY
236,2qJP9B5QlxeDECIVzLo4
237,2QSCLlPU3ZsVkXFenufD
238,2qTFb1xySrO5Z0UBlhRi
239,2qX9uPmI5pM8cowCHOJb
240,2QYaRbl5FupqTBEtMrif
241,2qZrQoxyYDeadjIp3mSH
242,2r0UYLcKCxnRovpj5dlQ
243,2r45O3Hczp6togVfAJBI
244,2ro1jNXETKMPhbUzdelp
245,2rRK7lxiQhSD4B6a9uEI
246,2s8QiutzMXLBcIlyHwkG
247,2sf3AQd9MjP1xcLFRYyo
248,2sHzcQk5T1UExobShRmF
249,2SnRYbpqifxILdT4Wg9m
250,2T9zBqN60tJEQmOblyM8
251,2TqmRPjbWf36enxUDGKQ
252,2TtDCQBqdnV314lNMxSk
253,2UcBWPt6mf8dohDsYxOR
254,2UfwYHR03ZMokQgFAzqt
255,2uPwGIAmqLodYFnNWBa0
256,2uwHk0ITbfVelsUgRt7o
257,2v8l9FWbJZg4G7MCNB6r
258,2VhINMP4oKmsnjZkY38U
259,2VvzfnrS4LiIEgCYws1J
260,2WkGMV9mKJrBAOZL5zdI
261,2wZdP0yYzleC73s5WG1m
262,2xCQWIzZGDP9fTbidlqc
263,2XL3TUHZNYkuvS0n5KpC
264,2xlhAE5LO8RFfczB6ep3
265,2YiILGOvJNDhl8Acw1r3
266,2Z0Jfu1Pd8Mq7xXNSDct
267,2zGVAHuM3lhXJjonTyg4
268,2ZI9SdMvc7WAXK03nPyu
269,2ZoTE3iUtwFfuNAYlyOk
270,2zsRpvoalS6IugTWJXrF
271,30259LfMxFdATBcqNOi1
272,31cfRs0hdZYLq9A6Ielt
273,32ngm5yJs7dTNGj401vE
274,32rcXoa5QI1EmxBFS9he
275,34anOKthJ6CXbZs2MeI5
276,35dbDR8KSIwZNAPlcgTi
277,35i2FSK0EnVOmNHpd8QU
278,36eMEj40inf8r5vVQlBx
279,36jPFlq7zebvLdED82Up
280,36zPKsYmJc8wOiEqStFN
281,39SjamCOL05zq1Eni4Qf
282,3aAduIoFRi8fj6Q54xNz
283,3afO9NUdwDyT6IlAm7gk
284,3aisrYOcQetkUqnfvp5K
285,3ajDbkt0X6TLUuHKYZhs
286,3AS4rfoQOLUYWzMBwhGp
287,3bapyeGYC5Zot4Sm1NOd
288,3boTYd1KBgOPIL5pVvkN
289,3Cb9mdkictPwsSOTKUIY
290,3cG5wXTa8pRN7ObFtE4K
291,3CPhpEu8klwsgLmRMeWx
292,3CwcNOpIWJsBERGPHVkr
293,3CWgqIP4MTAXY0Q2ef7p
294,3CyxQdJhW5trsfwIz4ik
295,3Dm4fWY9chQxpnqAw5XJ
296,3e0TBEVcdHMa57Dh1woq
297,3eaqPVnAvws1lHzX9GhD
298,3EMZ7J5djsBm1cwHhtSF
299,3EvAIU8zX2g96DJj5Grp
300,3EzMAgjUT5qkPRJvOYhS
301,3f0X7rvJBx4RQSbUcT15
302,3fgX5GuthkIcJaTvP9UN
303,3Fq6Hra0DR4YuigChWel
304,3FQGzMkIYO1EjZiJep60
305,3FRuYdNiL4ye96gBoWK2
306,3g7SToXfidhHqjZ5RJUb
307,3gJ82lOIDrUae5FdNfMZ
308,3GP9o4eku8XtOhvQ62SL
309,3h0t6wQAFRlOHK9nfkVY
310,3HljRUIAsgc25iJNBeqo
311,3iHvsmdx7DauhSPKfec4
312,3Isqvz4GW6LAxUaZP7f0
313,3jgZFtCA0oPpxkvBU56L
314,3JkuxSQe9OwRfKFLzWrg
315,3jt6Y8zF1DHOvgKsTPqy
316,3k1meX0gV2WMjAvGDrCq
317,3kKFSINOJQtmcxXyq6LR
318,3Kn9Ai6EwNaemtS7OQf1
319,3kqaIlVuPtxQJejvyNZ0
320,3KRUBSNL1pbx9tIEc7CG
321,3L9crexw581VMXajnsmB
322,3LNmCgSGtiMFrKJl2H5d
323,3LOYzcPQdE7yresjlXVm
324,3mpsxg2FODqCAXHbMKPi
325,3mSnzZXGkwKY4a7yp2bJ
326,3MY2qTOsQzVHgrNoa1Ib
327,3MZriOFjTzUcpWfl4nah
328,3nowFMmKJAkiNs8CaGVb
329,3ojXTJ7uAkvVnimG5rpL
330,3OQNh7iEautlHUsSZyRW
331,3os9hay0Y8v4u5HkLzVp
332,3OX0rbks7LQmeDcKx8C4
333,3Oy1Wo7T0QxYILi8mlVg
334,3PFdwRiY9seVIa7DBkly
335,3pQoC5gV4ljNfdXHTEx2
336,3Q8Wvm1ceyOhSajNdCUb
337,3QHCOA5dqfPTescoWyan
338,3qTBeSjiWwaUAmP5y1xs
339,3r0swJ67FWm5HXDnjaIy
340,3rf7KJiPd8hIZ645wBVN
341,3RpLgGMCVIXuZcnAS98K
342,3Rpwdu5AN4l2KkeoYHED
343,3SgiczVGj480yF9rxLwe
344,3SHYJ561ndFZAqWT4sND
345,3sKkO0hxBNy6MILz8gia
346,3TBSm5IlCVEyQY17kJPG
347,3tpMAGVr74OgkCde5lzL
348,3u6fqdFzHRhgZLC4AJa9
349,3ufcA2y6mtDTZFXiIoL8
350,3UGJfgV58TXmWAnh64De
351,3UXfgqO2mhcrFZv4jzDn
352,3vaVPLlpNfMYGzIQgJKy
353,3VEJaNMdjtxePpYiIqwA
354,3VhctkRHdsDrmalfXZxz
355,3Vhmj45EaPbB60rXoIMw
356,3wauD2jYkTUn7izLcvV8
357,3wBXsMlxyZQodCTzbDtf
358,3WfGisHe7lkxVFN8cjXz
359,3Wi8BgsVyjH7oKbEPq9f
360,3wUPZJets8k6V5Wpo4RN
361,3X9o8zrqkZThUFMBJjyL
362,3xhmsIkdn7FPL4G9a0Qg
363,3xPjUmaVNkYyfp5cTrQw
364,3XRWQKuC2iEaFpoLBh9z
365,3y5HQzqXhoWfrkN0CwF6
366,3yB5s1ZCvPmpgernQFKw
367,3yitlJFLwPhTcNbUA2aS
368,3yPmbIvrqGOeWRSUnFTA
369,3ZLqxV7bTOWJm8BEtwCN
370,3ZvD4c8oNIOTib1JEfMa
371,40KRbGeQZ8PwcUgt5joa
372,41bvS96LOdtCgmxfEhTs
373,41o3zDTReYVFtpOB7EWl
374,41WpbwcQN8fVsgIiLYZn
375,420SDzWFNamqIiHBYjPu
376,426c9FYfeVQbJnygpdKH
377,42CRGozVilaAYTK3p1Zh
378,42QpkKbG3zhcJrR8jw0t
379,45drFT2pMjSGQ71g9yke
380,46FsZxPzIVu87hy95CkB
381,46OZzdsSKDCFV8h7XWxf
382,46ywoHZAMYPuqcbVQpUT
383,48GJctl731qKWuhyfVwL
384,49buyig6pa25Z1IAqtSr
385,49RfyxpQP1CzvneWIG5q
386,4AGv29WBlocjZiPIKqsp
387,4aMbnHlA9es8vKmOFR2Z
388,4arPdRYzg8kI1uEjfwiG
389,4AtRvui0E2FNqp1PX7ZD
390,4augeM3l7UKbHc6ITnOL
391,4BCsNIgfYTQtMbmK2Z7l
392,4bdlcsiDkvA3hZC0XLQI
393,4Bsbdx8uXvtMOqHnyYfi
394,4CLQnNRbyBDWOaIMFog7
395,4cPt7qBs9CEIgNkhRXKM
396,4dqEznNyiFwZVYrC5G6m
397,4dYWHLCBPVg5xTAzRK0e
398,4eIl5buqShKLrw0dZYMG
399,4eRJPISap8c0dZ3hDKfT
400,4flnV7Xk0PyZ5ojuIiQc
401,4fuBOsA3MzoUyhHq1Dwg
402,4fYojiJ3XwcILTA6KlWu
403,4GUJ7HBXO8I56WyRSMQd
404,4GUWMjfCbyK9ZrOeaBPT
405,4HGxlXJ8Ncy2Ri5az3o7
406,4hLqKPSOyopVZMeU3ckY
407,4HqASXIbximkfN9TygZn
408,4iEDSe05MQfJsRx9mNpt
409,4ilcBJdk3uARvNphIFy8
410,4iLgBPqdDRz3vtYKJ9aF
411,4jAPkMmCzW9r8QK6SVnB
412,4jpx7Ahlw9f31YMikoCv
413,4JyQWUq9cs81pFRPCaBw
414,4K1DMYcdkRSouvg5isVI
415,4kaSNXsgRmT6McOxrA5o
416,4Kr1hQyLdEMq9AmYIlzR
417,4L1CmOTeP97DlJRjf6BA
418,4l7o0adxGiDvStmFVnzb
419,4LNpxlPiRBTqZy0sEaMY
420,4LT5m3NUgkMhaXQJHfr8
421,4m1Gsx5JvMFgATY7LOz0
422,4Mt53c8yqLWdVzrUoFOP
423,4mvuMIJG9n3iQgPSaZh7
424,4OfNIyw7BxlzSHWEi3mL
425,4oGUEFhwqTxk6Ku5Q9N1
426,4omjpRdNPCMSfxi3TyEA
427,4onTdkSFqx9VB0EPj5OM
428,4oO6pblrTA1DJsQChzqc
429,4P1oqBhybJiSt0a2eFTu
430,4pehWH6b9IgL3ZF7uJCG
431,4PLRF3BAbEtZTXnaGqfD
432,4PUzcORNYF6qx1MvHbtj
433,4r5lOkQTuIs7CHygqLYN
434,4RKvBoy9MO5EeTdrtJF1
435,4rPqYhEtQoegNG8HuCFi
436,4sChO0eqidfLtS83JMVE
437,4skKNvbjShmzaWHIRQXi
438,4sOoJx13PzqCunGTBIVS
439,4sY5wVHK1fL7Poim8cJF
440,4tdKOk02GsAmbrDepQZi
441,4TERbWHyu2GCfxmgvF39
442,4Ugfa1zIRAGubSCl8yNF
443,4UTMdcZkxzLvwygO8EuK
444,4WdqGx1euC382bUvT9mL
445,4wmslOCgr1HfavRdSZ6q
446,4wNmfZsulFgTOVnDBXRP
447,4xre6uX7BbkCW0LtSQdn
448,4XU0IsMdoj31PuckzJ7r
449,4YyxU7pCh31oAOs8kHgm
450,4Z5WMOr1NqCw2y6tfnlb
451,4ZMDs6aAF8hWwTJuIPeX
452,4ZVXB9xfgPzeRGmW3AkI
453,502xXcWOnqet1TrUmPBi
454,50iq3CaS7H1PDWetAMLR
455,51NK2bWwuvf6rH7RTCPk
456,51XRqHz04MsAuJWwtraV
457,52Vdf3czIoBaAFsv8gmy
458,53cwdgavTtGukRl19jM0
459,53MPu2eGdD8zTfnZLmFJ
460,53nWYug4ePbS12JtOiKC
461,57v6nKMC8lhLV34je2RW
462,57Y1sP8cgERT6OQyCJjN
463,581bD2ouMmKpySGQszri
464,58FUPhL3HDB0xZ6VMfcG
465,58kxhXouHzFd4g3rmInB
466,596okG3UjnycItSXaQzR
467,598Ro4nwxeQOSHvAsgXm
468,59ja4ZLzRKwVFnsoW7fc
469,59P7Kv8cMforuZUpVQnY
470,59voqhS867GYXDAMzmVj
471,5AoVqUzmWvgQrHMlfFpy
472,5asM8FCGzfhLJI3jBXo0
473,5AsUO9gZ8KxIycz6Tmr3
474,5aVfOX3lym7ZECUehLD8
475,5AycfmLjIp7NnvgS1JYW
476,5baZkrT2gEWtsLBSOQPN
477,5BcfbNg9wXoy0l6vSaDm
478,5birSkFE6dmgN71BPCJc
479,5cG9KQqabVEpBhHWgRv1
480,5DFeXtmWB4E9ialRNkVM
481,5dNsph6uJltkZMLzTP0w
482,5dqHfU3MVR9FclYGXNnm
483,5dqijn0zcEPgONTLFRoI
484,5DTUziJFLRQ17phBsOfE
485,5DumcTR1Yk7N9FICzSBe
486,5dZSWcADY0fCq8hsuJlL
487,5eKrwLvObGWDydgPmXai
488,5euYnhWJHK13wq4VgdcL
489,5fMDqaRKQBd3AhVPFIkZ
490,5HaZbvxGcFQVgT642nWN
491,5hNHEkrKFC0ufonLQ2d8
492,5HoI9qyLeGvARjSNTOnK
493,5i3dyOv9GDKJuCVHF0q1
494,5IDvAEnUpuQH7LeloGiK
495,5Ikd8E6aS4f2usxwqnDg
496,5iTN1hBtkRDLcF7JZYns
497,5jkOh9VRtDcMElf1TUBo
498,5JLHiDhkzyYPdTeuMqXb
499,5Joecs2bOBauQX67HExW
500,5JtRNUe8giGB2j3C7mov
501,5jYQm1xLpncJS2EsXBk4
502,5KfuVTyz69F2EPrZQ7LA
503,5KHFA0cVxOgU94RnZMNi
504,5L67SHvId2q1GB9RC8wK
505,5LFWPi9qzEb6fhyVSYaw
506,5LFyp4jAsTSzJDOY0lCw
507,5liSc6DCvNtEWBapJFZe
508,5LM8dkt1OsGXwp3JSP2T
509,5LO4pbtzZWxUqDuGfEHk
510,5LTIfdPNmeBt027KkVlb
511,5LTv3iVMXuNzsb1Bhafj
512,5M1NF3uPvts98WBGUi0E
513,5M96BvWCjp82FOPmu7dw
514,5mcXAfSQWlV43hb6Ns1d
515,5ME0AcvDafIXHtFJxwri
516,5MK9AFWTf6s8vQtD2yNO
517,5mr4z8KW9nvdyVEY301J
518,5mvtu96W8B4Ka7sYCSzr
519,5N10esCGIJc2kB3KQYWU
520,5nAOq0ri23gH76PDmYch
521,5NMDYGWr4mKFTIk1fQUH
522,5nPbr70kNiOSQGZmL8IH
523,5nSZXBYgVob1qf4avrDP
524,5nVHoz9ce2AmrSFbRIJg
525,5oPeinbtXxkGhqZf7EFL
526,5OsZTkXgflhr4VAFmxE7
527,5OvCg6dRqcE2zjMNAmLU
528,5pJfOSNowh4sXkYBmKPQ
529,5PoseIX8Ak7x24hKQuNE
530,5pQS3Z7bW1c84XRhmJYx
531,5pwP8bUu32gVJDrRCIcL
532,5PZYiLlxFp6Kgsev0zaI
533,5q34Q7pkvTeoj2E6ItFw
534,5QAGYlNrgvSIeRxDH294
535,5QEDgGFSnVXWJLxUouBP
536,5QkW049HFsDAiwCgKM2c
537,5QOWxyz7oqf9T6KIBDbk
538,5qQY8mHGLFA1pZgWPOXM
539,5R7IHhyprqkta0CJVLdF
540,5RbwG9tBMSfTLscmYVJl
541,5rtfSP91u3LJsbzMVWnw
542,5RUlGkJf6XHI3M2L18tx
543,5S7GkfYCBa3ObXxU8hoq
544,5SGjeWfq2M9btVgF78rp
545,5sHnYk4EgplBiD8cSLoI
546,5SjzAvpC3dO9tRDTVyKx
547,5tgsDzdZ9xMm8F47WNrv
548,5tLizVMafFr6UpmbZ8ed
549,5tMCNKDogQ2x7zwUbpcZ
550,5tQ4OCNKrDpPhWB7ngou
551,5TYzgLhQumXGqJe83bDn
552,5UCs70VqrjQ8wIYp1zme
553,5Ud7vNlBO9mRQhVrwJyD
554,5udWej1qOoy3nNJLQDCI
555,5UEJYb3qLkPlWiV2gz8T
556,5uqM1zonRdTQbetDF6wJ
557,5UuSl3msMYk6Q7OiNHvR
558,5UVMFqt2RCoIGWxsj6NP
559,5UXfQC6q2ERzr8BM0InP
560,5vAJ9yOCeu6UEkbFSsPm
561,5vjkGHhQ78b4Kxd9JosE
562,5vOCHATJsXhoGSbrteLi
563,5vOq0aC8JlbRBVDXcmFL
564,5w6GuqFsfkxg7TWIDQBY
565,5wkJpsMIWzDaQ4njKuy7
566,5Xc0iAYjsG7ugxrZNIoS
567,5XdoJQTAk3Ltu2PONwgC
568,5xE14BrD0KvJ683OywTa
569,5xuVWX1BMUraEz7iDdH2
570,5xzgeU2r1OAauHDEjRZT
571,5xzWZR1OXkKjBTtPYVai
572,5Y2C1nPEMIVNd8XuiGgm
573,5YEafCpxyFcNqDGl18TS
574,5YnsX6MpV1tAx4o8ZIdU
575,5z4RdEK3fJleayugmjqH
576,5Zrij7tnYzFRaxI9edvf
577,5zYVF03NXadb7Gv64PqC
578,602shC5njSE4yHNZ3QFM
579,60IMC2mZxkljd1pQnw3J
580,61rgpy8Dx9SR4WBzaPtm
581,623eFhxtASpOuCcQviwr
582,62v1di8prIYZuGkPRFab
583,63AWhQeRZUJP90TEzH5X
584,63JdbfzDMVIrZE0NUyO7
585,63vS2seA0bRQhG4fugWE
586,64FZCyUcjXxLNv1K8Bm3
587,64SxkBKApurs93Qv5oce
588,64ZtULx71bBcduDiY8GO
589,657cSztk3InCL0MZmPWK
590,65jWRh4GwFlqfZsgdHCc
591,65PjxA3a1NeH8iCBKpfS
592,65ZYCsoOaNJ3fht1Dx4F
593,670isB8fzGbAXI3HmUoF
594,67HtTa9RSq1vKfcA2PXB
595,67LFYMBVhdD3Jo2UGRSX
596,67RMbxiLz1OgnVYSElPH
597,68icCkFVRJK5UtxLOqIu
598,69I7oy5WLUckT1ZlPVCn
599,69jlRk8g7VH4hXypdwU0
600,69jsYQMcGwzrBLUPRb5e
601,6A1oSFjghKeHmz9VUJ3u
602,6a9QCg870OIZxrEmqK2l
603,6aJfSuh4VDxrOtjGqviC
604,6aTHENeI5PBYgzJndM7V
605,6AvPYWD0O3QysBdpXuhn
606,6B17gNAqEZiQyvt8FDP3
607,6B2JSV7e5Ik8lAM9WqPG
608,6CegKJDHWYrUi3oEQZxs
609,6cJ4OV1TGifn92SCPNEA
610,6Cvyc7zMbZq5DfJprmXP
611,6DIXnfF4Lt2GAkYRi8ep
612,6DwBVcR9gWMp2QyGkhPr
613,6EaniIdeHgsKTc8DWOG7
614,6eoOM2zX5NnhtDlvQT0i
615,6fbTnNXuIJg7QjhcKqSr
616,6fQ8rLxmDzpNIGvAl3Ho
617,6FraKh4Wkw8XyYD0S1eN
618,6G0EdXzZTPkbhoucn8RK
619,6gHI9qzDjmLhd4nWS3oi
620,6GijzkZEylL1BArf2Q0O
621,6Gl3BHUfNtrFQv5YJOym
622,6HcXhAzQiBMUK5en92FY
623,6HdwDkgvEnNh9cqlyfR7
624,6hRaK4DkcXoZfI32BzH0
625,6hUFQKlg0x72GzZjJyI5
626,6IrZu0ynlqf4otPBA7HT
627,6iWV9FBp4nHOu27coSLw
628,6jpkmuQoxIB3COi0ZMKT
629,6K7qtMej5oVChsbfiuxH
630,6K8qujACMe4Q2GrzHRan
631,6kgpyCID8l4Pw7BYHTjM
632,6l0uUHJndYLNAEWjxg8O
633,6LGpjCQ1OTJlvxRH3m97
634,6LK1nVc8N7aHAyjbFWYT
635,6LmWsZA2e5dbfhR1SB4P
636,6Ly7GnlwtNuax5JTX0Zo
637,6meYANGp0FbrZU1ou3jy
638,6MFXjyhwL9xW4dme1OcU
639,6mvWVJXheHiotAd9CZrx
640,6nfXBNI5d4jOkgmEDF31
641,6NTZfuU347Ecxj90rigy
642,6oiK1LC8JYenZGc7kgs2
643,6PDAtMmzOLhpX7485ojv
644,6PiB1NFWunrUjdf8e9kp
645,6q2Y5BOx8RoluXjA10se
646,6q9PF1AdMcOIBjhi58CY
647,6qhjHRGpSb27PvtQ3csx
648,6QWNYDyohV3R1lfMCZI5
649,6qzsP5lZoCW3KHIX9Uf7
650,6r02dN7YEojsfTQkzlGh
651,6r5hq2y3gMlUxvObp0i4
652,6RBaQgimoq8OSJbFznxU
653,6RIhg1UYy9uEOLXsQFSq
654,6RQtx0X42zOelTDaZnvi
655,6s3HbFTuzMP9oSwAp2JX
656,6SloMR3muLUqbWpYKr9O
657,6SPDXoT29nxidIlhW1VC
658,6SQwZ8l0jKCkh2ErRqJP
659,6sWpIKmX2qS91GMtUy3Z
660,6SZ94ihjlB1O7IpvYLzn
661,6teIPpCrYKw0zFusDSix
662,6tmqe5B8JDsQnyhGo7vP
663,6tV2UrOqmFoGua380Rhd
664,6Ty0HzvEdYNFnmiafxgL
665,6U1ZRnLGvyg9iNFYwt7I
666,6U7aMPmel4gBDkRCnt3E
667,6ux5VnvYNqdiRP8ZWI92
668,6v3n9NO0dMkCVBA5FIf2
669,6v4lNabkVg0pe15nLshu
670,6v7e1UtEQSGMgmw2Ay5F
671,6vAwsqP5nWgz9Ri0L2EJ
672,6VHLJedU0IhWOs82KBtA
673,6vLBpK5AxaeNHX7UrWGi
674,6WbENDkcC750euPGqApQ
675,6WKbReFUk18wYnCNQsyH
676,6WKJVBFk5INU2q7RLDhY
677,6WoydrPp0u9ZgiwaKnY1
678,6WrBNPTRljxmLahZzo5s
679,6YexBrs0uzwSKTN5LpDn
680,6YoAt9aLfJyu0qzVFsI4
681,6yRO7gDZAtm1ebazJIWq
682,6yYp0scglSrPHdnh2wJ1
683,6z8BRNc5EJetqCs4kZYl
684,6ZgBUAyrkYH954Nw2laj
685,6ZY9Al0hSbQBGF1RcLVH
686,6zYSlNx9tBbUJkT0aGhr
687,70f4QazO1NlpXMST2LcE
688,70xElcmWgS1fChNpniIG
689,71BDWQcsLYedmu43nOSV
690,71XJkmfwVpndPa42sbDE
691,72Aksjb4NMtae3whWUE6
692,73LO4S6We2aGQvM0qCXo
693,75kSfRBJKbHzOQIgGsa4
694,75xUGovrLMWa4tI0XJNV
695,7614qKWBOGwx5N8dcgfA
696,76cGRgDJyFW08rY1tz59
697,783NTBAd2k1E6wHDGjiJ
698,784QCIkhOnwcRvFeNDZr
699,78mbJ9OKHRUSCPTk5hlw
700,79ZlfG6CozviMAFYnWhK
701,7aS2U5b9AICGFQzplOx4
702,7brc10uy63I9lxBGkJD8
703,7cA9IVu3YOH5r8hK42wD
704,7CAzl4vfXB9jtU5eaSPV
705,7CJ52ohMqKw9uvD4ZItF
706,7cnyTvamsXhUi5IdSlZ4
707,7cRpXh23wYjFr5d6kvQG
708,7cUfx46SVDjs9X0qZlmi
709,7DIjuLVbOBykxWXT6ciw
710,7DkWbXR8Ejo0QgBU6nTC
711,7dLqHjDaurgEQWxXYkyP
712,7DNt8JzkhC5u3dfxnXLZ
713,7DSdcK2ZLkFmhlXUpzJw
714,7edjQGTXowvNgS9uVi5J
715,7eQUvHRSh2WZ5CFm4zdw
716,7EWa5VQz2NB4MgdPCtTp
717,7Ff4uMQibABUks59xnpV
718,7FGqUsap09YN8IC6fkuT
719,7fTL1lUKHqa9rXYuzxgZ
720,7fVDenWBIwTcLtGZzOAY
721,7g1AQZVLIwn8STsYdW5e
722,7g6SfEJzqL3nh5cK1MlO
723,7goisLFSJXEZplkM3rej
724,7hp5QE0n2zg3x8JfWGmj
725,7HqBvpZyaDWLXsNSAhUi
726,7hqLNuxI1Hn5BXrCmt6k
727,7I1WuTt0o4Eg6wZJAPef
728,7iBwyZQ5kxGEjPN9fThM
729,7IpfdG8WOkLFojV5bwJr
730,7IrpXlvH6LOStVaewBPg
731,7j2o04UxtlpFuTPrHXLa
732,7JjQBd2CAyvtgYlSL0e3
733,7jyrWaVeJudkHi1fgPT6
734,7KuBf9wZiUkFYoatEMNz
735,7L1vUywoYlApTXdPFzRZ
736,7LCKOhHDaXRbcFwxdnz5
737,7ljvb89q14fGINmaZhrP
738,7MOSHZDbnxzfhyAmqjYl
739,7NE0UFrvqLBgyuPcxkmR
740,7ngUedxa0XfFJHLy32QW
741,7nL2QiAIcsRxfMHwyTeB
742,7NmGCFUTuWswvVJMRfEb
743,7obPSDvanqmeT4Wiuw9Z
744,7oKB6OiGX8LStVwnqlQI
745,7OKTq3zbJBHh4FCs1LoX
746,7oMbW9DCm6tQn5FTRIus
747,7PtaAnTZi0QCphfNy6ms
748,7ptdL0VO1BzPlWXnGHwJ
749,7QNAUrmZEql3XR1I42jz
750,7r4nyOFDRwkc2EgxopWV
751,7RfoFlxTSDhLmqreOzpg
752,7ri8e1uFxo9B3hD4p2Jk
753,7rvpSAIkeV8TKQDi0lw5
754,7RVrih9gAL1FodIKNTc2
755,7slN1qRFSycIgd9Qwejx
756,7SvjWXrltZdLTFhIGPNw
757,7sXGVmyjMe1bc3LdOnYx
758,7Tcy2sVaMmJovEDAzr5O
759,7To2l5mzJPgjGIUWu93R
760,7UJTAcmd85jRz0VitSof
761,7upD1xywIeOmibLNPSo4
762,7uqOdRfD2MNowsIh3xUX
763,7uUXqGeM98kIf2xoO5Ys
764,7vKDaxCOzwoU6ZT1nNys
765,7w3H4fALRB6vVOgh8ce5
766,7w5hNgKFji2kO6dCnMzJ
767,7wpdECAtSosOImULRkQW
768,7xeFLDBbNVWZiM1u2S5t
769,7Xl1KHeRiAYN4x62hdtD
770,7XNob9FGEw6nCSOZT0vJ
771,7xUnl2qc9tbYWsFzQCKT
772,7xwMNplsj3EhBJ0Zkd9Q
773,7yhwG9NErjks0RDc15B2
774,7yJYuiRnmAZKr8PqsU1g
775,7ykVQP3IzRgKpN95olma
776,7YrZK0PHmtnEOMfbCdNG
777,7yxCFjirtYhceaPuNZkD
778,7zhQTZd1lrYEpxaCNWv8
779,807vR3GqyQpViHKxNWn4
780,80G5QtOzNdR9CVxTJ3Uv
781,81jMeyEZiOpJkCuBlDYg
782,81ulAd7ac20I3FRTXeYr
783,82AIq1lR7GwbtSsTWQNP
784,82kLgCGIRNXduWs1SrKh
785,82kVSm5MBPszG7X13Zin
786,830VZXwLBxUc9qAeKMh4
787,83up2hzQfPn5BcFaRwXO
788,85K7ypWXbaOUjmuxDEz9
789,85lCRjIZmV670qYBJSNo
790,85m4HMaLjpTxtlovqZw0
791,86kXs2U1IEtu7d3fvxJY
792,86QrjZewznD2W3VhpRbm
793,87Cf2go9YulDiHEyekaS
794,87jlaqfJEScCvPiWTYZD
795,89UZDSqlnhazBOCJrk3t
796,89v2baCuULMreOmyNKlW
797,8a39lGQmftE0MngbKCqu
798,8a3GEC7cPKtx0lI6qYvL
799,8a9wtuvyTULYfFjWMIZo
800,8aBc6ytRQ4oY1PwlKDhq
801,8AHh4WNQ5qYokKIXcmM7
802,8aIkyv7jJRcWpYOD9Ub1
803,8aMHw0YO5ILJ97eduP1C
804,8bfAcO634YBuCm5ND1gx
805,8bIuJwoxYKjFVWSdnHi6
806,8btcXEfH4v9ITwU7OSsg
807,8Bywd5tJUzgqbGmvcIS4
808,8CKcwMWse2LIa9tkhGXE
809,8djFkIgPK56XtYGDsb7R
810,8dlCjM1YApWuSsQhLoqG
811,8DpsvFOT0onWwUe3Larc
812,8dtjTeoB2HFkZiWQ6azg
813,8dW2hOcgRfSTnapKVHwl
814,8dW7vKJGCAj3ZNV5a1cz
815,8EegflqKGRVDNihwFZ4b
816,8eiOKmj1ER6wzul0bpT5
817,8f0rtXdM9izQnEeVWuoj
818,8f3x7BX2wm0YlEpqhvrz
819,8fcWqDA6KsarzG3E9YJ7
820,8fgzBbsoHXwJ6UvDhmL4
821,8FOKNb1VGi0hYnc2u4ls
822,8fSXU1iqE7jWbB4yne2g
823,8GilsX4Uk7xQdmz3wgyP
824,8gtaP24AeukjmiJUoCKE
825,8gvOauLJb39wNfdAMDt6
826,8h0kicyswN7pzr2RJbOX
827,8H7F04qlbk1nuVtCmRzZ
828,8hDqJsmCXLNYZb1MdGeR
829,8hkxUfgW2bHMqPjrcNLT
830,8I5jZWSKhlV2k9HqpOuB
831,8iZw1cMaPBr4RJzxlFXH
832,8J209kMCyFvWuInbYcio
833,8j2uhZyFl6XGkCoixABY
834,8J3W0n5K1dY4eOPHbj79
835,8jhdMbDAywv5LCH3qSG4
836,8JqbzxWR216yr3Ptgems
837,8JUtNcP6rKo5xjSwOTQg
838,8jYo6TrpmwN2BGyEgsKd
839,8kORlw25hI69eu7jEfVy
840,8kOwptdojBs37lfMrzWK
841,8kVfT5MmuErjvdPsZxIY
842,8l5jU3sPg4MomRFwL9zT
843,8LFCXHZ2TMdNhc7aUAGf
844,8LmZGOEjyfCecP73osAh
845,8LtljiSurqc9QVgkBPwM
846,8luifjBMcd42pz0vUJV6
847,8LVijvDmg32TPO1b4qAX
848,8MSg6ycte4mZsOQL9bVN
849,8msTxABp5MqdS2PcyCQ7
850,8MvFeGDWuTX2KEgh4PSl
851,8N0Drw6gKsimauCZQpWV
852,8n5PsCW2QZgde4NuFySL
853,8nEhOVz5vMCKpNrBRg2D
854,8NJoTALeEyqVa7GpwKFO
855,8NYXztOroeRpIaS5BdM4
856,8O7mDBd4HqE3PxFtWnug
857,8odIrLKhPvcDWNCVasUl
858,8ohWqdb6lXNZU75AsBc0
859,8QaobvZKqje1lCnyrXwp
860,8Qzo4j0J7MdkR5ZyErVH
861,8r7OAlKjc0vqsthT3UF6
862,8radu4yWPiZsAQC6bJSK
863,8rD4bFYzXTVB5IPH1Mdv
864,8S9KmFuU2iXolxvsdnq0
865,8s9r3Mxpemd5ySQwPlD7
866,8sNQwJpT43ohCx2MjHaD
867,8swNnb7BmL6dTVPcZK13
868,8THfDA2iXQdjNx4Lo6ws
869,8UkPtCpjVyIMKTLwnl43
870,8Ut0v1SIg753ERpTGoma
871,8uvPtcIkb9nRhqUGAzg5
872,8VGXzLxvhH0qIltWc35U
873,8VqGnuDHlr1jRNZ9da5C
874,8W23ErmftGwoBqIAhecY
875,8w5bxPTmWXjst7BafQHl
876,8W7PJBs3cfumHjh6Mz5Z
877,8wFGat9S6sIJCNmd20zq
878,8wiAzpNQEV07aXyR6DIl
879,8wLNARJz9c12eBuFqEjO
880,8wSjurzyd3Z1UfgFJe6h
881,8wy0Pnkc3eJBq1WNSUFG
882,8XwCLB6D3cMFWT9dtKSA
883,8ygvhiWxIabopwJnXHS9
884,8YRgqWs2wULtCov0pkT5
885,8Z4xPFN1p53thUcRmJSH
886,8ZV9IwvAeCONWD5TUJ7Y
887,8zvicWu1OkG2PJRo9pA3
888,91GncYPQHMUTaSuZBqxJ
889,92IMlB5PUDxYuGOw0dmE
890,92mDMJfaqQrwCSiX5Vht
891,93DFQGKTLxy8Ej6kwlPu
892,93u1tN26E8eySoFxaign
893,93vLt5cVNKnr7IsbQa48
894,94dA6U1Diuc0rQxlyveO
895,94gomdyfxJAh6lepszW2
896,954FXI3YU1fzE0idZ2QA
897,96CpHvOlGZiIdYVM0RAf
898,972muzardTq3IUKHODvP
899,98fBSiA2Nul5EzmnC6kt
900,9A3aCDRujOMiWbzGTqfw
901,9AeVRcUy4nGNCjL0WdKt
902,9Av6XsuSrOxPiK5pZUYW
903,9aVMjhASKbL6dHF7rfkX
904,9b7hHJu0CNwok6zZfDxl
905,9bDpXWcKkjMYSygu3CAB
906,9BrzKQYJWfIU7C2whoPT
907,9BsFXp1YPijRvhCcdA70
908,9c3JTf6xQqmg8o2H0I1h
909,9C7P6vDFXbryOshpKcfn
910,9CYFq8BMeELSXsZ7Ubpx
911,9dcf2PlYWkyq7aZpge6E
912,9DEesVNl1Mod4pB8xR7c
913,9DrhcFgQZV16jndTMEuK
914,9DvQRmFzYk1IuTEtKU0c
915,9fBojynHeYEqz5rxiWbV
916,9fcqns4I3ePECOVMyxp5
917,9FP8ck1bDe6ETSqAIWLG
918,9fyAiTPMpZvqX6Khnb7V
919,9gE6rY37hlG2Jdmy5IAT
920,9GJejM0ZvT8N12gEknId
921,9H0cqUxpRSrntadmIJy8
922,9HdqT5Wh7o1Eyc2YPrGe
923,9hfoD2kUTe6cvEPLzGt8
924,9hfqg4Uw0L5nPSQ1i2Ae
925,9HVsJ2mzdvpb14ySg5qc
926,9I6UftSTGjwB8pxQY0MX
927,9ilHZxJ10UtOGsFQfDLg
928,9IofdUYy4HPk5Vubwpn0
929,9itfPnyplHZhTb8IMYq3
930,9IxlHe7TDc8iUFbGMumO
931,9J3ytOwfECdTV52ncMiU
932,9JN4L3y2vZm5qUcdglSu
933,9jyrhIR1pzD6LQYEHf0Z
934,9kCILoJ4Rp7YsAZngzV6
935,9KMBloOjwteu6ZxUhCzJ
936,9kq36ItfFHuWECUYLg4O
937,9l5grVFxD4EItfTnqmks
938,9lIdfH73S6PZrp54gVwA
939,9LRnCtUy8FIO1agGPe6B
940,9LuFTOtpGNqkoXnbr7MC
941,9M6r8hsleUKTmvfB7Yn2
942,9MAtXYCG3brN6auwUjQO
943,9MKSaiLY4AtGDZfvRQ1E
944,9mKvw8t3d6jRVfnzsDIJ
945,9mMnkLUeXYhQsWjrp5q0
946,9mY8AhRLj5XKq17k2ZTx
947,9NFP4OaTELWui5DRkxAI
948,9nLeTGc05kvNBhAda3Vq
949,9nm0PiOyw5X6RgU3HQVC
950,9nR0ZHP7X2YJhQu3Nzsa
951,9NxCbYysSItW45mOkXhv
952,9OPGQgfxI4ZcybTsJo5E
953,9PcpS0d47xHb5aeCVUsQ
954,9PDzWKXE735IH8V1hoR4
955,9PujO15SAeBy6EZNpanJ
956,9QdfreIM047ZpNmqJSvt
957,9QhMT0KDxlrNbUosASgi
958,9qmgZWJTn4jFhKy3LYdM
959,9raWvRhK05jbzNPpdQcl
960,9Rv6M5yrfNHhIatUkBql
961,9s5a1ovzNXJHIPqUeZ36
962,9s8NSuY5cHirbLmaWtVe
963,9STjspcOKbrE80PFVAoq
964,9T7thaO0dejwILXzrcks
965,9tmX2JACrdeGWHkY3fwi
966,9ugQ8rA0fRaSOdVHbsYM
967,9UicbzEY8LI0Q6hpn7e1
968,9v7VZlw8cq3MR4ynQtgD
969,9vP6c42rE30zVNlT8AJO
970,9vSJ1dDnwbxl4Fm0By8h
971,9VZ673sDcNIJKk8vP0TE
972,9WMOnQwLKEcCFyX6fs4j
973,9wOVdUL6r0SmjE1kAMxW
974,9WTo14gKIRY058DCadmS
975,9wW7bjCFh80ZKLrSkyvB
976,9wz1VxEqdHJa3RAUvMXr
977,9XaJfKvR6QwiVNk7qGd0
978,9XgTOw1fq2RcJ70xFDHs
979,9XNvwz6TsGihOWSUodRF
980,9YAyRfMXO8kJKgEoSd6m
981,9yEvV8KfDm3hcUZPqBe0
982,9YUP4268XrNQmCpzdf0i
983,9zAJOrlDSPhRkcHxVB7p
984,9zboVyf3IptCFDOuZlie
985,9ZeC2FP8yjNfoOHKcrpR
986,9zgKyBYkuCJTjlSc7DNA
987,A0CFJYzbxeu35R2Ktnjy
988,A0L4e6WxD8IEcjuahVik
989,A1HObY8XCjgNR6vKnPk0
990,a1XQ2PeG9HEvxLAoYmKr
991,a26fPimxvt4dTLeAVGJH
992,A2EUbPW7LTd0mN3vfIwi
993,a2ISAriOX09MkzcEDedq
994,a3GY8Ug1mfIMqdJCzuAS
995,A3sl2V6Zkbfv8NOQhotm
996,A3v8cnhKHlp7T2jPWeqf
997,A4126nkduWYEBVFo05w7
998,A4Gwv2fplFCVaiSbKJN0
999,A4nsFofmGelOp9cKxvUr
1000,A4oRW0sZJ3jKwazH5TLy
1001,a5CmzV0Ze2Qf17s6khcI
1002,A5kpVrwRnb1UKuysi6IY
1003,a5nMiy8gBFtpuGTxIv0W
1004,A5Rg18PaNvZ4cq0OuDoX
1005,a6IgMRoGcifP5zTUyrqC
1006,A6RirTm0V4X5OcaS87e2
1007,A6TX0OzcSq9BWrDfylNQ
1008,A6UnWK7Eo8iVp9NIBmRY
1009,a6yPugSArOdWK1zQ0c7I
1010,A7bCyQK5X6wcgBEqI4WV
1011,A7fDZiS6LavrYlsRGhwj
1012,A7J3GKfu0rBE6MlTj81V
1013,A7QialhFt2kLjBGXw5qI
1014,a7xm4JhCvO9NWVeKMEBn
1015,a8gqeKmEjbJIiVXUZ5DH
1016,A8hKH57o1Fj0ZgI4q9QX
1017,a8hZBDrjGiMdtzSklFNV
1018,A8REQ3NzB0dtHFCWDhoc
1019,a9qc1ZCzupOiSsjHdx8e
1020,a9r2zHUoK5gXj8E0lqsb
1021,A9SBTCOonUdluM8aqzXf
1022,AarFhLo7SgGIEU0fHzQn
1023,AaZv2sYJqpI8He5NBPfD
1024,Ab76U0fJanpo2QwxVN9e
1025,abcOwUvuE9jGnpP5L241
1026,aBDyrtRX3zb5mwhnuQN7
1027,aBfoqskHcug13y7W8REp
1028,AbLUSYiJdvfPVp6gxn0N
1029,acmyYPxFCBR5jGoUz1JM
1030,ACsEI5cSDYPJNXuLfnB7
1031,ACTK9tVJunILfsYrwyFh
1032,Ad80bcoyGxVi15qg3Cwh
1033,ADeT217ZFlhNGQJV4mHk
1034,AdH9JqR1OtEk68UxPGfg
1035,ADHdmfR8J6Ebko2P4lqI
1036,adHqeXxjBJVt9KD7obTZ
1037,adrSTjE4bxs63w0oQR8U
1038,adS4KHMlGWqDIreO7T8n
1039,ADxSB9mbchQzuOCoqds1
1040,ADzc7SVJd1YE69kCZv5y
1041,ae95Uvr8yCIfONMKmqZV
1042,AEBgp7zcRQZtd1mJbrFw
1043,aEL6vo2BZD8w3QNH0ctS
1044,AeQbnIpdNBfg8aDTRMlc
1045,AEqQHpi8TYLON30h4eVc
1046,aeS2NqfM8tWdDKUsQgR5
1047,aF4NnlKgwEO2CiT5uHb6
1048,af5pr6Fw0xecMobXtNzT
1049,AFiruP53lsbNCjnkoIyM
1050,aFJ9ZLGyEWmx4Cu1HAXI
1051,aFSlGIs7V0gEMHwjBNmk
1052,AFvUmeRdpGXSycwn706I
1053,aG3K4v9cinAygDWmT0Mp
1054,AgF6YUNOyGmRPxSnTifM
1055,Aghn9OrSzad2DvLYPtqV
1056,AGmSytfUCDr7JBdjT0in
1057,AGPB43Mde0RNgZLw1t7a
1058,aGS0rWZK7vX8TNFUz9ci
1059,AgSXb01HILY3mVwfnesd
1060,AgVCqYNeGIc7r1TLtF96
1061,AH3uZ7WMq6RoOyNn89kw
1062,ahd8btPYH6uW7QkqesEB
1063,aHe07dkXY6wBALMvtqsm
1064,AHeigWkoIT8EqX3SmJcB
1065,ahvGI5RV61PQdjqEbycM
1066,ai0YqsQZAbg1IWMvXdoG
1067,ai6RNWfqAFEr127gC5Jz
1068,aIB1DcJ893RjpdgMELfy
1069,AiCumNT0yLjYEceHdMSK
1070,Aigal5hnywEbjpK9vNUC
1071,AIKUJVx4slnHOTzyuN5r
1072,aIn3UKNJyCvFkD4dGljR
1073,aISJkXUny0dojZKYNBAP
1074,AjcG8xW9vROyTZ5Y4Ukf
1075,Ajcs0ECN15RQ237GBbof
1076,AJg4My5hRiCSOeakjtxX
1077,AjhW6ifgDC38ObQcJPa5
1078,ajLmuChQW2E3inYtepOH
1079,ajnhEXuNF4kJfOM7Sl36
1080,ak9gTzFdlwmvVBoRMDh8
1081,akGLtUpCrwA6VZT7Y4BN
1082,AkMBjErNyVGnWaouCQZf
1083,AkOyQ3YexrD8c9hdnuJT
1084,AkSm1VnbXzwCOrBlIPQZ
1085,Al93Uy2JIpX5ikTNLj1d
1086,alcYZOnCkyWJvrKSMFHm
1087,alEOGLX5tBWIAMk2qTcY
1088,aLFb6P0ZdvNO7thfBkic
1089,AlfXLOuvBphS0FPJZgGD
1090,Alip9zLkjS5OtryE46Rb
1091,ALk7nXPtb84eCUWd0lGv
1092,AlNimKRVGWnbq7X64jfs
1093,aLYlqoB39X8URmnVQNSz
1094,aM6vieFrUBwbg8PdWp27
1095,AmcBv7pybtl9szISEoGi
1096,AMmdfQwU8WeIgXBNhsjp
1097,amO4HkjxM8KcdFBp0h5C
1098,Amuopgi0qHhRsI52G4OB
1099,an85Um7qeAbI0uSrwF2C
1100,AncaPV65W0ugYNvEohMU
1101,anChwpjZ5qmgWJkcyxiN
1102,anLyI5TAlkjH3OshJUF1
1103,ANPyxi13XKGvsF5zlQqW
1104,ANsbQFrM0cvZoxHjS5y9
1105,ansvDACdc5lbXmUYxNWP
1106,ANz6knJhUMmGgC2av4iB
1107,AO5KXv6mBVNe3nzECIF1
1108,Ao6pPNzw2BkKsX0hTR7E
1109,aobrBYI3k0jSdMNLcUfu
1110,AogVYidsWqnUS4I6Q1cN
1111,aOmQG03HATWje26Fznbl
1112,aORXG41yvEDJcbFNfxPw
1113,aOtVNG6x3empWgK2Zcyd
1114,AOVMlEpXa3N2Tj581QGc
1115,APcpJ7ED4KwGeiTkCqFZ
1116,APmyDeQT238osZgb7lhN
1117,APTVokiODMSIyn3r5UuW
1118,aPVR4ky8LzBNHeXw1Ou6
1119,apYlmGR3OdU5VvrTkPqt
1120,apzPxCsQNhElHbFGBLk3
1121,aqMnC2XrY8Aut7m3GLlw
1122,AQTFcnfp8Bqil704UJuk
1123,AqwKhntSpCI56vsH7WZe
1124,aqws4GBWlifZPdN5kbXC
1125,aqykXmIQMJFbApcf1UZs
1126,AqYZlKV8H579cfpjFODJ
1127,Ar1a58UWPkFHSgKpiZcR
1128,aR1OKIrslcNG8hVYjudg
1129,Ar3u7TDqkySJ4KjhWXge
1130,arCjzeyY4ql7IcJMDvZW
1131,arenyGLQDYhcx4POg3F8
1132,ArgIoRxLXcld0nwN5EGV
1133,arHTiWpEOMctLjx3Gnv2
1134,ARLikU0rTQmDbZeKaJOl
1135,ARUDbr2NviE3at0F59sY
1136,ARXaLhsFK8G1bSN2pjwz
1137,aSbnYdE1tq0ivTpCKzFs
1138,ASEw3L0HqWMePiy1uKxc
1139,aShC7zEjIfLm20oM4swq
1140,AsxbfiD2HFmWS7q5cVhy
1141,ATfrBeFJV9U2NDdCmEcZ
1142,atGqPui5xlRbN6FDWhsZ
1143,AtMdKfnuLBgoj17xEsqY
1144,AtOQsHM021G6RwbeKBUk
1145,ATr6NemOyI2KF0w48BR5
1146,ATsbgv4fxo8Sh7Wqwk5F
1147,AU1Y7aLp3ryXsnWN6oHQ
1148,AUD3R5PtTseLf9nQx6pj
1149,aud9U7Xni4qS0cTrmjOR
1150,AueFZ8Mg54xH2fnias9w
1151,AUGwdgy38r6v0XhePCnL
1152,AULFdkoH9Tl5GIBu1jwp
1153,AV91H7oUtuadsjy4ZJQe
1154,avEsqegSVNdCUIAX53cY
1155,AvfiP4Bw9IqUEnQyOXbc
1156,avKCprtmoRuXSeDNi5HU
1157,Aw5bfaXUP67lZN0cjzqO
1158,aWg5v9VtjYfJz38HPqOQ
1159,aWKIv5xOEzt6snd83MeN
1160,awL7j9SeuAFY4DqmtBCo
1161,aWNd6erAP9oliDybv08Y
1162,AwqyMtJmpSKGOjxUBkdn
1163,AWvH1TG5Nym0UCkLRuPo
1164,AWvYHLw9OjZmSCiqFpgr
1165,AWzci9nKT6fyXd0UIsQE
1166,Ax7iuDgF38YaQMmX9wVG
1167,ax9N5uRm3QvLVoWJnZsA
1168,AxgUXnZuO2Wfiwd9Kcam
1169,axoyhOeIrvZztVS1b7N5
1170,aXqpvlgB2tjeYbSHJiGV
1171,aXRV9MqCorizGyKJUep0
1172,AycKDSBZqFkTC4UVnPRi
1173,Ayil2RNVazekFYhrtT3E
1174,ayS6qCh9UTcdeDbsKnxp
1175,AYVnhTKJPbW2eBjrQ3Cc
1176,az6odA7FxHkJY2LImbt0
1177,aZ90qrU6kB3DzFwTVb7o
1178,AZQBLknROp0oM1ENXDl8
1179,aZVQvsH0lKUqdEn7oFcf
1180,AZXtyV17kcoxqMWbmCr3
1181,AZYpv9a3cLxBuirIhmfU
1182,B0dnNijSbH3fmuCQIL18
1183,B0hTZnAfwPCkzKsY4yIb
1184,B0REvwUqT4QIh8pinM1f
1185,B1A8ewnV6fu3Fx5C0yNq
1186,b1w2pQIDGci86kW5ClAF
1187,B207sNpJEnMqxdzIbg3e
1188,B25geiufAOTrNw6EYVyh
1189,b2taq4gHVORCYDoixMB3
1190,b3cYmIp5OhHkz9ZrwA8V
1191,b3w9MFpYOBW54VnQhyaN
1192,b496E87ojrx1PRCO0BqY
1193,B4kQoTYWxbXcEzrvKDZP
1194,b5qZNQRzLp6MUlfHisoF
1195,B5YUlVtdxFgkTM7mN9Sh
1196,b64eh1R89czkGnQIFA5K
1197,b69RjsrAfMoSTw1acJiX
1198,b6ZsxrcU9oTlziSwDGVI
1199,b7lZgrI94Bp3XMOf6vuJ
1200,B7QcjYOCZ8RmDH0xtWfU
1201,B8JrNPWkKaxyn5ci1qYb
1202,b8kXFQJv6aLdDP3fn0tI
1203,b8Zi5NAtq7mysdLGIlMx
1204,b9AoKd5WisSgXzMlkGCY
1205,B9Er5flSnY8GPoFJb7vz
1206,bA1NQWCdlIBP3kuxYFM9
1207,baFiIOemUNYgJAqsujL0
1208,BALQRhwGyW4kzdUqZ3Ir
1209,BASrsZoQNCtedvFkT5Xz
1210,BAZxf3SiGRgNPl9wndqW
1211,bB5UPj8uAXvDNGHcoehV
1212,Bb8NqDIesPVfW4x3jLTQ
1213,BCaGvPcFHgob3xWmih7T
1214,bcPYJlirNt5k8ye90UOE
1215,bDfQnleI6rqp5Nw9GC3O
1216,BdgfJiVGChknbcSDUI4Q
1217,bdmLM1krp2jFh6qRuWcU
1218,BdO1phEQY6LyCxv5MrA4
1219,BDpyWqHITz950E3Q8Mf6
1220,BDuWAEz5GFKaP4Q1k6Jd
1221,bdxGSpKnOyL28Z7aVqoU
1222,BEdmtyAN0lJ3Y6Rkxu7c
1223,beDosHq791jFfRElVdmi
1224,beF6iyw4QGzxX3ChpW5M
1225,bEF9IJRgPA5dDU8NevYS
1226,bElZS1P7UCz95FInYrsy
1227,BEqMgotbrGVUiXsuFJWw
1228,BeSFz3OshNn8uwGKUCTx
1229,bf4dGqaUvH7SPuORJ6cC
1230,bF5KEHN7mXfvktqOQxzd
1231,bfcBD4vaOtUJG6K5imqx
1232,bFfUijL4p83duIsetVPC
1233,BFIzDn0r5aKum4ibGtHP
1234,bfLJgRso5yNC2ZUdHpPl
1235,bFpJDO5AxXrCzntaWvTq
1236,BfZpbY7j0PIw3Orygsvq
1237,bFZTc8dX7Uit5JAVLvBx
1238,BG4gJuDjFMtVX5cUbPOC
1239,bG4TtEiph3JdyZCNsoz9
1240,bGFAIf3lHjuecEwyWCY8
1241,bghZNsw5nk9KBIJ7F1iA
1242,bgJLPuX3wtYC6STZkrE1
1243,Bgqr8AmHC7WFak9cX0fL
1244,bGSHa59j3N4FhUotDQsk
1245,bgX9Jh2qGusjKMYIwfin
1246,Bhp8E1sD7L2xcugonWyf
1247,Bhs2Pa0NyQ8ArJW5fq9R
1248,bHT5pg8MuXLF2UZAwxBc
1249,bHWMjO0rqSp9D3mTIfgP
1250,BIDzw09f5oL1QOtJXH2N
1251,BIGe85AY9yEHOFoh74ap
1252,bIhCLfBGkE3UYrJQcS14
1253,BIoAC51ZjKvwlkWcigzs
1254,Bj1A0a6Ec4MIUQzfsTg7
1255,BjaLF1KHchGQlUrYO6fn
1256,bjFKyp5JTwGv6QV9gYAE
1257,BJn0weTz6MkXWDuHojcs
1258,Bju8GJvtZSMx2CclEPyH
1259,bJvcld8YQ9OxDAnwtSfp
1260,bjw2G3pHJZt1nN6c8akW
1261,bJWZMVQzly2ogEmf897j
1262,Bkc9awJI1G4DZTodR2zx
1263,BKDwzZfquvWotCTXOMl5
1264,bkIroBULjGfha32SetFx
1265,BKMV3hZw821iaEHI6XpR
1266,bKpTkr9Lmi3xJaGeZnBI
1267,bkRlwrQS1pVG50DaIgKN
1268,bky7Td0rvnaJqzIjEPVe
1269,bLNRehaMlSUd19V68ugD
1270,blv3hf75R6kcUoQtIC1Y
1271,Bm1lbzD7fUOh8soCgRjV
1272,BM80h5gaYevIJFyk7uPO
1273,BM9ri8vXtbxJNem6S4wg
1274,bmcues3zpy2jZNF1XnTP
1275,BMh4NUbp2yLTDPCEI8iZ
1276,BMicWZAfDgb7k3p9Va5H
1277,BMjARPlc6GI7ONfitDJd
1278,BMJR7dhFxIZoQUXpKTDa
1279,bmQTphu5qdLaNjVcAKn9
1280,BMyRblVjoWUws42eSLgc
1281,Bn4zAmY7IUFavbjdqp9Q
1282,bN6ycnsgpUauJroQ493R
1283,bnpVUwhFmjOAvQoL4ulx
1284,bnTwRQSvo3CLKsgGaI45
1285,bNxQCj6cPugZJ3k7HDeB
1286,Bnyr5gF3Q0SLeh7CEdoD
1287,Bo1NCzWcGTYOHQ39vMga
1288,BOeTymAhdfoYM23aj5Xr
1289,BOMLgZ0RiCYQ7twrzAUK
1290,BP1r4aHtfY2evFbukXZL
1291,Bp2gVEzveRtOCrDGWxLI
1292,BPecs2CSaTIjW3ExVlyz
1293,bPF6lJve59SkodZNiqx7
1294,bpOR4jctxD03aysPq5Qd
1295,bPxO8C4QDMk9nFzyvHTB
1296,Bq57JOKSC8IMi31dhcL2
1297,BqcwFWurtjZP9MfHSIJx
1298,bqdDVk28tEPlRyvALWuw
1299,bQepsKFSzxt8Pfk6qGaZ
1300,BqhT4IuJponYPSKRxk2Q
1301,BqRPMt4QY1sHzvF6JK7j
1302,BqXn7hw20xA6d3Di9QzY
1303,br3oAnTeGyDp97XkzCOS
1304,BR7wK1hkfFncV28it30Q
1305,BreEUiPh3mzaCZFK7xvQ
1306,BRghGEp2P8emtvNHYSTU
1307,bRleFLPfA672tpnWVsdK
1308,bRoM4EpjukSGXwAlZ6zn
1309,bROPgBf8pYcSud4Ejeml
1310,brsxDiLaBgj315Emol4K
1311,BrUsW7NEhzVQaljI3OXy
1312,BSafFJTth4U3uibE6sZO
1313,BSJOwazTVHixmLDZEuUn
1314,bSKx5RYr13dPteiJFgmU
1315,BsLcIW6ren2ZUDX74Cbu
1316,BsouwtiGC4ULQcRpOWh0
1317,bstNd5CqKzGYgIyOc7iS
1318,BSvGkbzOdgKPyRNhwjf7
1319,BT7h2e3AcNWn6UvO5CIx
1320,btaERgnQGZMzrDWvkSoU
1321,BThVXxrfyLW6dQGZS7Um
1322,btk1Yfq0glZevm2dPRsL
1323,BtVdFlwcQGAkLhZ5Pp13
1324,bU7GfhOH0QjyPtdzCseT
1325,buBXk0VawKfpYLytPxFj
1326,bUcAhj40SsfgJPlnVZkq
1327,BUGAnop1NDYTh0txE8d6
1328,bUhx0WFojmzE5BSZVqTH
1329,BUJ1dNHsfug3p4AxtCSn
1330,bUtG1D8cgh4SzifWksaH
1331,BV4EjiKZJ1ekaoYxz7D0
1332,BVLP2pKr8yxF9iHdlbEj
1333,bw3dx5ILTmiZB6OWFNkp
1334,bW4NY5lZng7LJeDjpQSK
1335,bwcMeNJ6duOxi2q0GQ4n
1336,bWHnGtLmyoK0de1vJB3S
1337,bWRYhgXnwv3FLGMCdOur
1338,BX1krdbNEPmgFeCaRy52
1339,bx3MXBwc0zulDOa1UqN4
1340,bx75FsX2VcQ1CkznwIEM
1341,BxhpgtQbsyuqY06HJ2OT
1342,BXKmeITqa7cfsyYEdpFS
1343,BxPFmVlCKJpDQzIZcEAs
1344,bxrjz5vEWF9geNm138dH
1345,BXVCZF5arGuDLKxWgSsi
1346,bXWLaKzxlviEY1Gt7cjw
1347,BXYpT4e7jKgbI95Lqaov
1348,BY2yoiJLjKAPsgCvDXQW
1349,By43LOPkYhDjrGTg0ien
1350,bye3ZNnLt4BfuqAJO8v9
1351,BynGZjrhQXJiKkNt3Y2W
1352,bYvCdoTMQypIa367GUL1
1353,ByxapYZ2c4MFI3SEKf7b
1354,bZ4i2FL0OjfSryx3BMdg
1355,BzKqFlkYAXim27yUuQ43
1356,bZl1kUSLsMrifRo0cnIA
1357,bzPNrBFW6RH1wIQ5n4tD
1358,Bzq6YRV9F2NgJsPewDhr
1359,bzU7Kglmx3vFEhkMS0wZ
1360,bzwhHTXFGuAnCms7r2J0
1361,c0h5bDU2PjwARy1W7uSi
1362,c0Hj14EGaFBbPnefqS78
1363,C0Hl8uWb1scIEg4XrtJN
1364,C0YjaU7beAW2IzcQVtfr
1365,C1okxVtRdfUWIXY9G3s8
1366,C1owXSDmBaq6hHzyGQJ3
1367,c1VozPdAFBwHfagjWCls
1368,c1X3j2Lat7Eo4I8GWFD5
1369,C1XFOqQ7ifPH23LaZolY
1370,c2D8ZvmSAngyhtJdp7Fa
1371,C2spzDaAf6rwHJ4tBgFv
1372,c2WbVqndpY9mhHXgRTti
1373,C3Rd8zrwsm1FeSWhou4v
1374,C3rzsiflkeKIoJ49XLA7
1375,c3XQ8A1gHnbM9smtSjVe
1376,c4U1FrbkhoPEIXjCeYgJ
1377,C4VIpEJ5KlvuetjhLdX3
1378,c54pwLBNXyf2GhSO9knA
1379,C5RGotXVrOxI3Np8g10A
1380,c64G93TVZM258AUDSCka
1381,c6aJtveQr9l5gsinVXRY
1382,c6Da2l807vGgAbYnUjPm
1383,C6xhRUmd8vVAp4kFJBu5
1384,C6zmBoPQ9y38n20S1hsR
1385,c7LBl4CN0AQdheFin9v8
1386,c8GdFuQO4TK6r3a0UYmC
1387,C8OaF3weNRMS2vphGUAx
1388,C8oNuSMO0skpL1BUP7lQ
1389,C8y1gmcfQhlVwLY3nUXz
1390,C9ekdvy7RxlMIVBGg4Wj
1391,c9fSauIX2i57AtLlhPvx
1392,c9LA5YNZJsH7ro6UvtgV
1393,C9R8qokaKc7QGmpzyE31
1394,c9tj6deKFW4zDfOvE5VG
1395,C9vsf3VBgmR75ylqGJpH
1396,cA98WLxlpJCyq3ED651Y
1397,cAmPglvzOGuwNCYo7Ihf
1398,cAONsUkT1g9aEwBKXvxo
1399,caphmH2ebXoFlZQNVy3n
1400,cAxogRZB2v9lEmzr10Oa
1401,cb72yvfjMuQkKZERh5UP
1402,cCNBg8MTira9eyZWLlsm
1403,Ccw0Ub4P6y8ARuM2FihB
1404,cDa5BKpzw9GqnArQfZ1L
1405,CdbgJo8peBERKZNyQTYF
1406,cdlgXf2EV9sOKvn6Dwt1
1407,CdYceuLQB6SEz03mNGbD
1408,ce2bA7oZP38DCIX9GhQV
1409,ce5KGVx3FUMRzmCXQHOs
1410,Ce6ZVRzOT907NYXBqD4r
1411,cebAsutfF9NkrvLRo60z
1412,CeMBQkDHf3rcTI0AaSh4
1413,CETtQuy8HPG0VzD4ndjK
1414,CF1ivEJDg47qMtxPWGUY
1415,Cf5Tv2SJ18cXm7NZkr3L
1416,CFO1xurbvJKYhTs8fn4l
1417,cfOnFrdVRBbQhjpNe9Ut
1418,Cfy6M8QLUc3gx5Yp1rht
1419,CG8yAbuJhMZkn096zFjr
1420,cgASXYyjTORWDEGnlZV3
1421,CGBynzMig0KHdZuqfk8b
1422,CGgOZekvTIXAMYxfNLW1
1423,cgkonXYDZtdqiQ4su8bL
1424,cGpnJHF7uW0yBCvgAIz9
1425,CGtMcxADYKyHhnTrebkz
1426,CHbcUtiQ5F2WNsjGndlJ
1427,cHDLN8VJzG1XuZhrsxyn
1428,chePT1jq7g5QO02ZN9DJ
1429,chi90fk3emT1NSatl5X6
1430,ChOGatx1eA8JNEVqFKTI
1431,chVqtrzIORSJkCwu2KfQ
1432,cI3dPqwaMLU0opfuNy6g
1433,cifuIp4YRgK1Bjtw7X8s
1434,cigYwfn2RCeDhOx7PjLW
1435,cikBKN2eQY8WXfCHvnI7
1436,cIojVJGQOtrL0S1ApeDY
1437,CITaOLPoy9vEpM0qe8X2
1438,CjBNmFq806khnE1OtgA9
1439,cjHS7QJZpy8l9dL0wb6Y
1440,CJkN1h43dxvcy5DHImFZ
1441,cJQZpFegP6ChAVsX7nYG
1442,CjRMQY0S6LdUWNGaExPJ
1443,CJTezukAoORBNh0QxUMa
1444,CJUmehzigaEoXRfY6FGT
1445,CJz5HUGibIM7WOX4KDmF
1446,Ck4K1y36GgmWEzZF9LHM
1447,ckHjaqOLs7rN43tziuvQ
1448,CKIT85YvdjSMoQr09A2L
1449,ckMbXG2Ru9OHAFarVNpB
1450,cKmUqV7zyePDgYIt8i2O
1451,cKNi1Aqz6XBmtwRheu9T
1452,CkOT69iQsaLAGq8mYEeV
1453,CKrbqFAcTZ76hV0sz1jR
1454,cl0W7xzTAYj9CEXJkS8Z
1455,CL5Moas9hliPGv6nYSyj
1456,CLJUMfrb1jF4VliXSuTB
1457,CLoqY1lIf0zkmyZ8ONjp
1458,CLpFEnA496yoGwrdmz78
1459,ClPyvT5IjZts9MbdAWOG
1460,clQSzZEWDvJG6mNV8HCA
1461,CLw2EfPFqBAkelvu5oDR
1462,clykXHZJqdY05zKOmLae
1463,cM2qiXmpHhuag3r1RUIe
1464,cMbvh0ZxLKN9i8OfH3nI
1465,cMdF9wsSLT2eKh7zxliB
1466,CmDlXRt2wZMNSLK6QHrT
1467,cmdZy7faphT8QtL9FPrO
1468,CMG026XfShmn3FlwkaEi
1469,CMKGnmX4D3dQIzgxUAqT
1470,CmkrzR9pL7siO10q35IM
1471,CMlwq0OXr8ygBbNESAIs
1472,CMpESZXjIKbqg7G5NhlV
1473,cMtHXFyh0bSkBKZ3aW6x
1474,cN908Z6lWsCeQT5U2Kvh
1475,CnAw9VxYtrp5Ps2li1ML
1476,cnf03bdvewDVXMWHFT75
1477,CNfgyDcSMLrtvzJX1uGO
1478,CNG4WO73MXuLIEmhaRcz
1479,CNMG4WYjkvLo35lbngdm
1480,CnO9AljfBmokT5qN7J6S
1481,CNRrJcT3pLw2GAiDVq7Z
1482,CO18w5p9ZeBlqIKPhiyj
1483,COArhIyT2GEJ5Bz7dVQZ
1484,COdQXbslFapMY0rnNTLE
1485,cOH6VhEdFjkLNpvtGBiY
1486,ComqpXwFH8zgJdIrEMya
1487,COntTlwPvaG3p4hMSJqI
1488,cP1LKEImqN9zQ5eXpodG
1489,cpdsREmet3FyD1oYZVIn
1490,Cpl1foGPHIm9gsve5NLV
1491,cqHlrY9oAVpyWMKJ8mOF
1492,cqisapAyIRh9N3MJnkFZ
1493,cqLK6moeuhJl1MIPv4R3
1494,cqoIY36dhwfDNrnlHJsx
1495,CqRBQrebnK6WNFOI4lDg
1496,cqTRnE2K9ZGLglDdHbrv
1497,cQUBNJXtAuLKlFf398Co
1498,CRE1I6YFrgafy9sP8zL0
1499,CrgSkfqcMliN7s19dTFE
1500,crKe1xWtHpsz20LdiVMS
1501,CrKgOTJ6MutNvsD1E0jB
1502,CrKzvf0VWbetkShcayF8
1503,cRu8ICh5i4pa1MfKeVTm
1504,CRYTnotb5J4qHfviU2DS
1505,CSehsbFLKPBTWo4gnd2R
1506,csEMJY7Rt0IGCTKF2j5m
1507,cSI0v76wsFjOKfTJiQgE
1508,CSkITPbvqspWu68laVJn
1509,Csx5VDwLu1Xi09GMyptQ
1510,CtGcyhMJk3wNe9BU08LY
1511,ctp2S3RmE8qngvHUQbBa
1512,cTt7qy0B8upDkdwJ5g6h
1513,ctum3yBP7pIQ1W4U96Zk
1514,cuCskOh9Hatq1zUp8PYX
1515,CUEe86Qkl9S0umGIh2aT
1516,CUhuXitp6fL8jM9Row1H
1517,cuNE2eL7XtkbJQw50zsW
1518,cuQ80MAm4va1koYfLeUG
1519,CuxeASFn8t53UTNl7ZOm
1520,cV8fK0vA9LxFz2B1Yeo3
1521,cvAsfnPdeYD5prT3Xgh8
1522,CVcysi9h3kTI1gXj0qHm
1523,CVdMjEq54K19x2JFWpXe
1524,CvdWjIn9A4GkBbp1HF6T
1525,cVFaWK1b2dBXCho37sjE
1526,cvkDfhKMtO1VjzG4Wiop
1527,cVYX2gTrFnB3HfP8m5U9
1528,cW5hky3FM0QIN8faz4B6
1529,CW6cHidJb35VTMQ0jms7
1530,cwAyWxKMPkXELbpBS9if
1531,cwLo2p34lqzMiOrT5PAD
1532,cwPNTvn3zIrJhXGKlaDS
1533,CwtPLqOS2b3mg1rWJhx4
1534,CwYeBdG7J5ozg29XVxlT
1535,cx8oBU4umOdjM6LzvNl1
1536,cxCflUQEJT7mNFg08KpM
1537,cxJTRtq09SOw2YZE5HjC
1538,CxU4nQhjq7vPAYH2uOyr
1539,CYktVyrlT8B3EODuSRQx
1540,CynZDa3JPgzdGSY6AOmX
1541,cYQ7s8Kei2VALkgHlJGb
1542,cZ8wCtJL6unqdGBDsmXx
1543,CzgoyP4jQWJvYMn25EXS
1544,CZnRQNX0g8IGEcdMq1lt
1545,d0knbOi6IGAalTuPQjNC
1546,d0MWkj1mNzQKDGTvXi6F
1547,d0QN7fJslMFL6qkKgbWS
1548,D14MK7pSBhfeR3WxHztw
1549,d1EnrNW57S40FeVhfzPu
1550,d1NogDxXBb0jsyQnSUZE
1551,D1rkKPHwad24qXLMRUC6
1552,D2Ib3EY0wWHVZokK9u1n
1553,D2ZKSx9I7MarJWeVtjls
1554,D3Gj2HEIptr7cbxdSNTe
1555,D3P5wso2J0hYbKRIWaCL
1556,D3ukxpLVATJ8FR5m9Cjd
1557,D3WtlJNAupzn0vxXiIce
1558,D4HgKrPeUyIlGFMv1tVR
1559,D4Lv6uRQo2cFgwj7NnpU
1560,D4NQLor5zyHsjYCukl0O
1561,D4UkKvnxZCswzAahu6iW
1562,D51kzLEClKnMejm4VAU7
1563,D5mrsLY0P2V1UIXujgES
1564,d62Ov9TlFDKLQ1Bbz5Yp
1565,d6ACYSuPQ4wcjJynZhNE
1566,D6JwgzycPQu7mWt09eOI
1567,D6u5yVKshqgxUP3WkGf1
1568,d7czUVqJApx6WEj4ownT
1569,d7XHlwrYtyQk8CNIa0AU
1570,d8HuwQGmjUDz736eFYrM
1571,d8lFkrfZsQom9zgRqpLi
1572,d98DIzHL6lsYQS2X0URe
1573,d9HvRYX1U7fGL0cEieVw
1574,d9Ojb8wkYFnaEDUoilxv
1575,D9SfgPTq24RdONYFG0ZL
1576,d9tk6NmEj82MWXIHsTaw
1577,DA5oqlUBMgiPymLxrIcJ
1578,DAa96Hpgn1Qfjd2mFCrE
1579,DAb2aGLnu9K71O5VStMi
1580,dAN7DBVpI8Yh4snj0zoO
1581,daplrWc5FSUL3s4iYyVv
1582,dAW1p8eljnvTZCgtfYHa
1583,dAyK3ko0fD15PhLSsxc8
1584,daylB4KCkifT73MveWOR
1585,DaZMVyFxkg6QBRnHILl5
1586,dB4bEcHq15Xsnr7NQofV
1587,Db6hOB1PFyELXmr95JGI
1588,Db6Vg5QfaN97KxzclZjt
1589,DB6xp894gSmt5UAjoscY
1590,dbKwCsoBrcJehx48m7fP
1591,dbMYm7QKarliBOhEDHU0
1592,dBo2VNziGhKEm8S01jc6
1593,DbXC70pd6wiYxQMcBGkW
1594,DC1wN6o8fus4iEUtQljY
1595,dc64u3pCSJhGPUMqxerX
1596,DC81WfMxtBvPa4wuTsQc
1597,dCEqh8eBojWtI5gzR9yZ
1598,dcHe1LSBskpjf6JYiavT
1599,Dcj8eMZLvOQtymzArUJ5
1600,dClSn1heupsZWENJzmxQ
1601,DClx6p7OIkUwVmNYajhB
1602,dCpHJ194WM8ecNxTKGur
1603,dcXMOYwoFIA59iRfGST6
1604,dD3WMal5Af62kSHZXGEu
1605,dD7wzS4Hj3xt2eAqPLnc
1606,DdHqQwxGnP7ICrlbvJTk
1607,DdQMyxkfHuoOFEURZTBi
1608,DdU5tN6phR4JmaPviKV7
1609,De0q3gzMjh2b8dlp9YmW
1610,DeHCJiGlVcRg1E7j28hf
1611,DeNw5KicW6YRnFjQbmaE
1612,DeThaSN5zInYXHOcx2ym
1613,dETSCuIZDapLP9AlJ7o6
1614,deVSk7LFDw5r1Ihq43GZ
1615,DFa10InzoL4TukWtBxRQ
1616,DFd42XkRm6PnZ9Q8SOy7
1617,DFJWGxlHYve5iBUp0K46
1618,DfQ8pMRCoZqHSuBIyWnY
1619,DfvLFE0CayZ3NVuKxIbq
1620,DG3ZgsPo26QSIfXJtAUF
1621,dGfRkoc5OJTCuV3Ps4Uy
1622,DGM9EySROr8hLPcelzgi
1623,DGmbwEzu381CyXgAMB2q
1624,dgoqesyYhaOL7VkN3Zrj
1625,DgVEHi9NkMW5TSx7PdO4
1626,dh4X96NJfygBLnQSze8c
1627,DH7q2gbnvTQ6CSFela8h
1628,dhFCORaPLVBf9NUw75Hn
1629,dhFnCxfamsLvkubPZyjN
1630,dHhYV16mSsuTqrzcAvBE
1631,dHjMq0s9tDrBS6Fp7TuI
1632,dhsfOF5RIgnmZGpLAWNS
1633,dHsIFJomVwubBQYCp0K4
1634,dHUq5yM8w0LND9PaepZY
1635,dI204lhmsui8gEwUC6ox
1636,DicCRQeqfZvB5OYslt4L
1637,dILobOrVQ9TGuHfU60JD
1638,DIlX3am9iQSYznuWZjMx
1639,dIq4Y9QGDh5yJ3lP1U8C
1640,diSGZtbRoam1lzTkB60V
1641,dIuFmhnRwYEPgOK9Lyxr
1642,DivyGH4pxZbNF8jSKEnr
1643,dIWe7sY89Bb1M5ifaJ3n
1644,DJ1XTklKAM6d2YfigaQb
1645,dJ326HRzYfn0DZIPhjMv
1646,djfk8u6panNOWogmTht2
1647,djHKwt1VZXBzqmPOAnM2
1648,djHpkGZoE0n64ub7WPer
1649,djvbIcwe4a8HBFTKAPxR
1650,dJwlcq0EsPRymQWS9X6v
1651,Dk2IW6ubO9LKcsHtVNzU
1652,DkaztyF2x9RE0sm5PMhA
1653,dkKpMxca0OQmUTFq7VyD
1654,dKSp52B8YbLTfUc1VNOz
1655,dkToRNX05vwZc2OsSGuV
1656,DkYXIHezSPlB5Gdm8stF
1657,dlKCRHePG31OFg29TXbo
1658,Dlm7I8KFdwQ6CAMjOXgW
1659,dLU5WbCiGERMHjS20spY
1660,dLUoZ03Xqh5PKMyflOBj
1661,dLVM6kPA8ru3EeKlqRZB
1662,dLYhSmA1Ks5UDF0ErTOg
1663,dm0NeQKo3ArPab196cEG
1664,DmCaN6PGnJpsWuMcKo8t
1665,DMjq5z4vmgwOaE1Q2XoG
1666,dmN7G3jpYsiuPOvWonh8
1667,dMr6GYzt8pOD5cQTi2VS
1668,dmRTzPpi4N3DLGIAu9Cx
1669,dmrZGyScpfTCRzUW8a5V
1670,dmWXiZ4u3OA0Bj1Ea9gM
1671,Dn4rZAFdVq6gHktTziEC
1672,dN8OJEu9iqsXotfPkaDT
1673,dnKrSUxLP8CVasfbuWyl
1674,dNw1IRg58zQl0oFVJS2q
1675,dNyq0DTYLUsAjOki2gGZ
1676,Do5n1Kjei89Es3CuFGqg
1677,Do9QfaXw52dYzcFipUeq
1678,dOA4mHxVR8JsDoa2YlkB
1679,dOg1eCFnMbh7DY2p4ljJ
1680,dogxTGpvCrYFKZcLOWR5
1681,dOZeYQCpVaBDEJG2v5zF
1682,DP4BuIxNqM3wrOepXVUG
1683,DpjU2bwfgiYRPQm5NCOc
1684,DpRqhyeIswlXrdF7YVTv
1685,DQ5fK17GCZbnJs6oNWva
1686,Dq9nwWYMFS0xf1PGuaZe
1687,dqeifyYrxHMKvs0p7Um3
1688,DqEkcaoC2TuKxgGPdrsR
1689,dQNpqtaDIbLOPH51lkMw
1690,dr2jSJMQ0sBozfZPLNl8
1691,dRAZE56pjBH8JwFnx9Uh
1692,Dri7s2veJT4hj0R3aHkf
1693,DrRgOcP82FKsloiInQ7x
1694,drT4qjUQvOcisuhL8PmD
1695,drZagbnxePDH7JqYt2w0
1696,Ds1jB0JXO2apyzw7ieEY
1697,DS3nJylYKdXQp7wbghk8
1698,dsuIp14XKzEt6kU29yeV
1699,DszCbghZwq7ORp8f62J0
1700,dT4zQLE6Z2kCapGr1FYy
1701,dT6n5gVkjxi3oDqUB4Zy
1702,dTI7mpvZHQsJNjl0g6Gk
1703,DtLk4r0qWmnYvIzhiNgu
1704,DTpxgrKlodtZfV7jscJq
1705,dtyLupxMfEQVX10JwvWl
1706,du1GTVz7NXjvMLoUrnIZ
1707,duDYQ8vkb29jNryIcHzX
1708,duiRH6TLGrhgXSBmfvEt
1709,DuSE7AmXlfTHU8OF0aNI
1710,DUxrn3L5C2qcjMF9PkER
1711,duYKP0sJ6pINyZRmOCWF
1712,dV2rgpEyM5nwQevTl7PU
1713,DV69NvbUIQmKjPSEuFY5
1714,dV8TQtBk3AK6nFq4zihw
1715,DvdM5Zpx96qKuN3cAt1y
1716,dVmSjvgcEquZ0fsQtIoU
1717,dvqB8LFJpKMkZU19mAg0
1718,Dvs1tiIfjYZJcV0dT2rS
1719,dVSQ8bXUG0Jol3ZmDqOp
1720,DvsuxhpLgMVCO56r14jA
1721,dvusqezCcGVfjZ4H7My1
1722,DvYlmpfXWCM8NTrgtbE9
1723,DW2p936zbvPKIECerA70
1724,Dw2sXhq6imtArjTZo3YC
1725,dW4sDcJMQCVOEgFjxXU0
1726,dwBCl7xMSWvqFiZcJ1am
1727,DwEQhKioybXvg8lrjpRe
1728,dWF5Zcz6wUv2gxOrMtK8
1729,DwtbW2PVfAcyQMTE5IoR
1730,DXc7aKbmIMuodvRfg5iV
1731,dxq8SWO4gJvZH2NBfPpD
1732,DXRbk4znOLU6y1F2EAKp
1733,dXrumv84P3aSAcHfgZhT
1734,DxtXmvJyZMRjka8Wg07B
1735,DxwXvJ7pT3lHAn5ozt4g
1736,DxzqgHIJi7okCsMdwEPG
1737,DY3QpwMcCOHsSWuVe89P
1738,dYAObu2FDVoXmvTt5UjG
1739,dyB94fu1Kgkt8POEGH2m
1740,DYLwkzhKnNrxZ1Mf7yBE
1741,DyMjiCx7R4JG5nIgfNKz
1742,dyNkotjVGpaX5gfBx1AP
1743,DyOK7Wh5IpPq4bZ62oGH
1744,DYX2E3otnwLK1cIebNuJ
1745,DYzoP85CvmEU6BHWwVT0
1746,dZB602DGWj5pkLCtzgvO
1747,DZGpVNe2idLjnY07IcyF
1748,dZQBi4t7Ws5yDImRvSUj
1749,dzValPwcOHZhJISqyp8T
1750,DZYefdjFtAGU9lKVkJHw
1751,E03uAYZpmXyiCSB9Rrwj
1752,e0fdQp9N2PYB5ShZy4GD
1753,E0FVH3clpmdzGi2US9Ms
1754,e0i7wC2KdjnLfFBD9Moz
1755,e0Z7VP4EL1nlBH2haFo6
1756,E15YPWfDswVaxUlCdyoe
1757,e1Pxcv2KRUSyDWmAasid
1758,e1RMvSd83AgaCQY4PT2u
1759,E2kSi8TAfjsCgOHctolr
1760,E4eSC8pqYdrkWfBOtFv5
1761,e4Fw85kLxMIciuQjRhoV
1762,e4iYSqVAjGJZwfT5orak
1763,e4jdKn6hHpiNF1Rtv7xJ
1764,E4SvkGO5CuB8LehadFo6
1765,e4TZIcugCDM50yiKWjkF
1766,E4vqKsZIdNazmDC0F95l
1767,E4wCHstIQWNDe81Z9Okp
1768,e56nIVoiTlkJhuYb1pNy
1769,E5eMjyTfCLnsQPqvowWY
1770,E5FzXZIDnTmau6VWepvC
1771,e5j9ZOvH0tJ6TAg4x2WR
1772,E5LABwGCpSmbsKQ40Vlk
1773,E5UkBdwnH0T3yjeIfOPv
1774,e5wMdCRg8E3SQrDqyiNo
1775,E5Xsu6AjIn0TLYOtqv3f
1776,E6IcUXrxM7pnusikqG9T
1777,E6VX0GAxMWQaRjsCHt7Y
1778,E6vzaC2gPsTfydO3Lmo8
1779,e79Jn3ovuIV8FLKZsEG5
1780,E7JvkZyTKF6fhWBUrosV
1781,E7QxgmVGInW4LClbyA5w
1782,e7qzcHbnpMG4DUiWP9mK
1783,e7vxkP0zwIYT9N4ChXuf
1784,E8hFMgxcp9DAb1qGwQtB
1785,E8vGptxQ9XyHZ3RiJoD0
1786,E8YKtDkh0O4AxmGayQ1c
1787,E91wuOroiykBvFUPfd8M
1788,e97Q4DdouAwXytqrIkhf
1789,e9d614aPtXTmKu7JjfOE
1790,e9FlxXRr4O7BZytIKEph
1791,E9WouwaVCiJ7ZXKOA5Yf
1792,e9yfUl2D1pbTARXYdckn
1793,eajbXFgi4VTRHPM26dsh
1794,EatOQHsRMXTLP8jYxu04
1795,EaZ2t8lT4ngqu5U1NhWf
1796,EB0d2fJGLHam1tQCUDWu
1797,EbCzuMr9dcx3RNaBHKJf
1798,ebVXN6smHDE5nTCfhzIS
1799,EbY8v7pBHjTOf9Qrxchu
1800,ec1g6qTfVIQ9RL4DElyw
1801,ec5wGtnrTOjUmXx3QqKL
1802,ECc2z9lqBrbSd4Z7uaMW
1803,ECiA7GPQj6MNZtSJvRqL
1804,EcRZsJXubnGd8eSImAWa
1805,ecvZowmJ09xHPGkBjCXV
1806,Ed4GPSVXx8yneMLZlhKj
1807,edabs9nDHqGtNkgQluzm
1808,eDEd50XhAoyv8CHpnO2R
1809,edfxgVuFHpUjQ7wit0Xm
1810,Edg3wb5Xk6T7rRp8szJW
1811,edQak1FWxm8oPXDvBAU3
1812,EdSkji9WtJ3wTIHB8hQM
1813,EdT3lQiGHbzmrX2L1NgD
1814,EdwQ1my8754NBkMaJxGA
1815,Ee0OgkMFHZxyI5VwlcsC
1816,Ee9al8AhjSKcZzxyRDw3
1817,Eeni9vHLuSa6lJOBVtyA
1818,Ef1CXjtYxKousd7heFiw
1819,Ef5DsSKLm8l6Bn4eoMv0
1820,eFK1IWckUmuM3oCAjON0
1821,eFT15JXlB8PqtDv3IpYL
1822,efuhvT79QdsU0DMgJXma
1823,eFwWS831ZPtIVDkRvXOY
1824,EgBSwQp9j7FO2cZnehvm
1825,EgdZfMrUuFpcJYmS3HVA
1826,EgeBpshOLYbwyu0ZdrvX
1827,egFM4CjVl8Bz5pbN1Ux0
1828,eghklfjtGV2daC8ZwNDS
1829,egHnxmYdqACWaPsOBzRc
1830,egm3lLTG8vfnbr2dtcMu
1831,eGMTAm0csZLI9QbJpCUY
1832,EgTaYo2uCnZ7FrH5V9fy
1833,egtVNRmfrHxwznaFh03c
1834,EgVXwZiSQbY2JPoephRM
1835,egWt9IAdDGE2uPJQlRo0
1836,egZPafzVDuMYW0oGTRkr
1837,EH7stUm2bjMTdDohrSaA
1838,EhCda1DLfb93XTwc8uYJ
1839,EhHWtoiAX4kZp3s7wVUc
1840,EHI1K0SgjF3lyMeiC4vp
1841,eHjL4QC8MPTkhdqtZaDV
1842,EhSAMWFg7Uk5oqBfNlcC
1843,eI053W17vGE249iOYyHK
1844,EiD3lRHWhCw4zY9SjXVI
1845,EihqA5TIw9bVjH1oPFdx
1846,EiqWaKH5VdGBc2QnfO8x
1847,eIZKWN6bTjYnqCa7ktJg
1848,ej60US1l5DPCKGpvRFyw
1849,EjePwO67SMgaldTt4pYV
1850,EjLnZ7ke8hyYIqxlJXD5
1851,ejXdxvpslWo5gckEh1Ha
1852,ejZcdzv9sJwgumyEkK6f
1853,EJZfWS6XwhotmT7lg0jM
1854,EK40kDNbX1H7ALSu8ZOz
1855,Ek7vsbD2Zd4IfM8xA0lw
1856,EkNDq5ziOQ0ocGdC3TX7
1857,eKRtEmTYVj5ZSNWMdcig
1858,eKTudHf0rpmbDUExgSn7
1859,EL1Fnf4xam7MObJ5DgYd
1860,ELanoVlRXbYv26US0T8r
1861,ELvb6KaPAhU2T1Xmz7nM
1862,em2yvftixEUbhOT80jR5
1863,EmaFu2NQZnw4z7s1O9vl
1864,emB5kWbEAGX2YQLS6jpg
1865,EmcRqS2xpAOXlBfyuDUi
1866,emfAXPk3uGVwRaCF9Zgh
1867,EMK2iukONroQXYWSv547
1868,EMmQTRgzWJ7FLbuZAaoP
1869,EmVYF0ZrIBWCGL5168XH
1870,EN1bwD7ijBKfq4ochpRa
1871,ENhpf9ugxwDCJb5mozPy
1872,Enm8Drf9FPs6yjkhvowi
1873,ENoPT31Z0auA9MOIVrkv
1874,enqtU6j094EJFaY3MQoS
1875,EoQcKwn0pjdGB5LAmSCa
1876,EoVyBA2z0NjdkWlqfMQJ
1877,EoxXzTHVP6QkujRtm1ns
1878,Ep1cRwezPyQsAL7GMmlF
1879,EP2O81HXKqh3cw0u9ABn
1880,EP9AsWcOiSynxjdrlp7w
1881,epboI43NYGPHLySKiAs1
1882,epFEs6LjYC2nB1Kw7lDP
1883,EpJAc1HB3C6GInQv4Wo0
1884,EPKSpg8Nue3tGUL6mRxd
1885,EpVF6whltPArouQzvC34
1886,EPzSRHVYOdXGoKDMgALh
1887,EqsrNxCPLfbYMlyUe9o4
1888,eQUEjktxdVNPqmlw3nJW
1889,eQVmTuqlHYXLJ6DBCsg5
1890,er3fFEimPIGXOdHL4tx1
1891,Er6sn81fNIRqa2Db5pTu
1892,ErJfdSCzHT0DFsN7Wcob
1893,ERjWvo0hJSgF4pUb9drB
1894,Eropqy1nlFTeZJ09H2Af
1895,ers73VJzBQHoYxilUdt8
1896,eRVLGHqrwDSMx1p8XKI9
1897,eRyBqYHX63klfnPUMc8v
1898,eS8lzGXw3KYrBUnhm65a
1899,ESBGyvZK8m1LjfMqtrIV
1900,Esdc6UTuzrtxhlo4GgPm
1901,esPBa5nQFc0qIyZ3VMhr
1902,ESqUten2YJiswjZodR4O
1903,eSUGbM9WlOzdasRjqryN
1904,ESWN3jbO4QaLp2HDuIzg
1905,ET2AayjsGuUHkY43mFx9
1906,ETH8lrLD7Yx05Wu16hcK
1907,eTIJ1zNUfiWCGYAb7Ok4
1908,eTLnGpXAREbwut2Os0ZD
1909,eTUdK5jomy9xn3kB2OWZ
1910,Etxjz6KuaSJNY7TeBA2L
1911,EU2ISJOQR87vw1t5opAu
1912,eu5p80LQma3sw2OhkiZ1
1913,EU9fM6j1sco83kHOByuG
1914,EuaSn2m5IjW6pURYtfH4
1915,EUsYBObJ58dXKutacDx7
1916,EuyYZNBLqI2maPtzxFsQ
1917,Evpm2HCFWB0buXNO3kQj
1918,EvXRL4pIdMyi8qnfUze6
1919,EVYzBCh5WsU7RbHMgvFK
1920,ew25jRNd81oLryHW4ZVI
1921,EWagO4s2piRNkP6vZco8
1922,EwDIfpaJTj4PNLM6OSeR
1923,Ewlc6ehLbWF0VgJdOfs2
1924,eWLUsnukJKYQ3dBCFZOT
1925,Ewn8395kMeDfBKxXJQd4
1926,eWR4wdHSfusGVlc8t2rg
1927,ewsfhA3Dunp49SFNMoVR
1928,exC2KwNmS6fTbEQ0M81k
1929,ExiOZLUCAsSm3rogNy2D
1930,exlXR3No8750FkhOSdAD
1931,EXm7GqWzb8pMQ2Ucyx0a
1932,EXmOvQTpUAPdG728hVy3
1933,EXRJfhM8jdP3K2Hboz9L
1934,exSWamc4HiOj2CG5Rq1u
1935,ExVywGIrOR8UiNtujSXh
1936,eY9E3uQM1JhbocItT5R2
1937,eYCKNDlUQgs6cZOuoP4j
1938,EYhwV1UDBWaJlxNveuRp
1939,EYrRoIbOfeVDdQF3Si9L
1940,Eyub0sHRwkPJTm58NgXF
1941,ezHTxiry7cw5dsY6NjSZ
1942,ezxoXjVrEMLP1s5Zb04G
1943,EzZBAe2N4tSm0UIHcC3n
1944,f0FrYtI6vA7P2eZ18izX
1945,f0NLCiRGpDTU3dlZmSEs
1946,F1elM9bnvJT6rG4AWk0d
1947,f1KTZSymHw5na9Vz4Nsd
1948,F1MbOITv92hf0GYlNgR8
1949,f1oeHaTRizBkKXEnLGcF
1950,f1Zy0M3PrxVHzEksOaG5
1951,f20PUJcTG4DOFRyh7Zlb
1952,f2104Ztv6hQPDnaYz9B7
1953,f2bc6dsxSiWV1tCwRIE5
1954,f3J7wQUqnge80iyXuxsL
1955,F3LZkyqGQV79ARhuE2HY
1956,f4jUEqOubyIYo3Fa0PVC
1957,F4Yfxzi6htG1ReS0M7Z8
1958,f4yXsejdYaOhVN71JKD3
1959,F5l9ti8Mo6qsNAUvHJ1Y
1960,F5nJCOIi49ZHxkAY2bBz
1961,f6IgSeW72uCHcVYjOZUx
1962,f6pdT5DB7mb19JcLC2Pq
1963,F6WTdXrgLfco1s2PUlyH
1964,f7FStL5cPTXbQkoZDduC
1965,F7jRh2B8TXWfnut3VdkA
1966,F7OwWVhvDgHTuCt1fUoz
1967,f7u8dvsahIRn2gO69L1z
1968,f7YPy6jIpSWrhDlzwFXQ
1969,f7zKkaAuDH63oedxGTEV
1970,F8CeVXzxLhnjo0BHATPZ
1971,F8csP5rZEx346TXkojt1
1972,f8xWDewNt9qrPzhp1Rdm
1973,F9anDBr3jyHNzhfSloPq
1974,Fa1teXgUZO7vy0Kw6CTd
1975,Fa87QkVGAHec3PfuwbMm
1976,fAJnSFec5LZGEsKaPx2R
1977,FaKJdlpSU10sgw7jmQhe
1978,FamuZb1OtvK27HRgeUSM
1979,fBFxXAQ4LR0ENTyS91rY
1980,fBH3Eg8lVYy9rM0TdIha
1981,FBJC0htji5egyV1RPnHS
1982,fbog6m7QU1kPDCHjSF4K
1983,fBr3RkmulKAbXEQ4nvzg
1984,fBRjLOxWbPyreYn4hvkU
1985,FBUMp7LZTP5SD82xyAWG
1986,fbvWPV2U0xQ3TpqohAFy
1987,fbXU3OW7zh4uBEDJwA5Q
1988,Fc7z9kKf5ZUwpyqC8L21
1989,FCAePafINi4Rh5BSz8UZ
1990,FCaLERyvU1OercSMYVjT
1991,fcCgkuqUA74ZFy8KRoLe
1992,FCQV3jK6B12LrReZdmDu
1993,fcVO1MyZnTIkNCaUEF8e
1994,fCyAxOnr8lFhsXuNeEkt
1995,FdCMeDTY76jcz1EpqLhQ
1996,fdGV3HjRu4nBSMNibIkX
1997,fdKU92Heigr1xALlFTkS
1998,fDLvOn85VGbX6BNsTtaY
1999,fdlWPLwhq8nkyD5FmxAV
2000,FdSyWHUrZqeo9aE1mI7O
2001,fduMbSetTV83BRx6KJQl
2002,fDVkh4iq9LKx0owv5XrJ
2003,fe3ahn9iVGtqZkWc84AC
2004,fe9snrXGxKw1L28tDpRv
2005,FEoIKDQTpR2wjSAxz8Wu
2006,Ff65YU9skLjAyMibz1B3
2007,fFTm4jSh6IQOtoiY09qw
2008,FftMq5zTYhDgRyxv3wBC
2009,FfxBsCDyAul0HSgtGdM1
2010,FfYe8u5S2rhlB0sDXIaZ
2011,FgHwITU8xlAhGDLP01cC
2012,fgjcJuBtnLmd8lORVx7b
2013,fgnYk4dvDjt0VoSH8BE6
2014,fGwBYrXVc8oWC7uNnbag
2015,fGwEMeBFc0JUlpKHONsa
2016,fgWQHqCoYMDwa0yd9TuB
2017,Fh9HCK50ZId4PbcQDTJr
2018,FHp4XckLR2vVlaEmw6gd
2019,fhPezOdViLjBl7pyaFNw
2020,fi4BrAl2QgjNsaubUJSE
2021,fiepv5X3tyCOgzYnT0kK
2022,FiHCdZeLuSOWcQBv8yKm
2023,FiIeQ54ZGbvaLxf8A1zK
2024,Fiq2TudjL5KZAoBScWvJ
2025,FIxgyKhla8MGTcAf7Xur
2026,fjH1eqUlI2rF40WaVhJN
2027,fJurCwMAdLt9iZhsEFgK
2028,FjzLT1pN9kgZuJP5se2o
2029,Fkha6WrBdNbMje7Oq0T4
2030,fL1Dy8PFZHJwIU7vT3l2
2031,fl4qpgSOjG8109BvVMEH
2032,FLBerci0hxEK1fYtUon5
2033,fLHpYZzIj3MT2vAXr54o
2034,FlnCzbtLd1mwWJf6pIEZ
2035,FlOzLwfIpHSmsBd18vXV
2036,fLYPDOBtgs8SICTx5dFG
2037,fMCEj5tSwasRNbJepnuY
2038,Fmgw4Qj1asTx0fS6Hvb2
2039,fMKS7QUA0HsYJ56DWxrZ
2040,fmXTOnYxKoQUHVRDL742
2041,fN41R9SVgavu6tQ7lreY
2042,fN4v3lq5W7BPzAwTDisj
2043,fNAE3eU6Q4Gh5PtnCyMZ
2044,FNiG6lYdyzwD5fLUoOvC
2045,FNMnqPH6hzyY8ZDX7SVj
2046,fnQdUL3759Yoik6sFA1w
2047,FNRvlymt10cLEBADOj9u
2048,FO8AGC1wIeKXcaH2gnhJ
2049,FoD16RIxbOn70KasSQmC
2050,fOoBREwIcNmD8u6Kts75
2051,FOScZ1qtiRyYEQTVK4XH
2052,FouYPMV2OKXB7fgjIZxU
2053,FOxkTLeifaPImQ2yK6rM
2054,foZJnHz62LA1GKIVvFOh
2055,FP3ITxh0a4rBOp7lQZ6E
2056,FPBhOUAvt278Dop9armX
2057,fPEWQFgRAYOlNp3qwiaU
2058,FpfoxH3CNAgl9iBY5naM
2059,FPG6AxT0SdX5eEfMiNbj
2060,FPIdpNxGE3QZlzbvMwC9
2061,FpPsN0r6M1EKtT4GehSQ
2062,FpRwW15YzghCByLxi897
2063,FPZgCGuvUcwRXQ3YNH9b
2064,Fq5TI6OEeCjcJ1LnuYQR
2065,fqdi9SzGlkTNWDYrx35K
2066,fqKj2wJk7rsb1yHFmoQd
2067,FQM9eZop8fXhAtWBizms
2068,FQqOltd9EPVxkYsuJapw
2069,fqtA64LyDpER8nvrTslF
2070,FqTWKtxrajb3lBHNcz8S
2071,fQtXNr5Jk4HK13U8EosW
2072,FQv250xqPrBlk1sSToYE
2073,FQvbKakrJtVAs1oqd8cS
2074,FQzrcxDH57n4XYwUltvb
2075,FR49leoK7WDw3QtHLU6k
2076,frcDlXdshQYGCyKa7LjA
2077,friQmXP9g6D5AvOasLUT
2078,frnPXQMmEV93qZJTWKs0
2079,FRvg9Ji5jnkDWqm4sMcA
2080,FrVgycGXPJC4mMvfe56i
2081,FrWpo1U80Ou9H3dlcq6x
2082,fsJt14QZIWVFvumNgnki
2083,fslD2jBe0w5tbhr7QF8G
2084,FtBHiVSc1PAaxelsC7yg
2085,FtdxnjOaVQHhMAwcf2Nu
2086,fTeJiSYLQbPwnr61CNa0
2087,FU3u8jxK0WPVBYD61kXO
2088,FuajKf6MUmELZ3O4sxlw
2089,fug584IGjQdWTSY3pke2
2090,fuNoryhBcxOlv3jaq2Ae
2091,FupJWO71GZ9U5lVSEcak
2092,fuys9cVz0Q3idvakHBSP
2093,fV4XIAyj1ChBxwFoiruR
2094,FV7sawPxCOQ9Y8jMAGir
2095,FvDlfHR4NkS7EYZrOTCg
2096,FvobzqOYfnQ0klx1tZLc
2097,fvTz3rSPVQJGelO49Rn0
2098,fVvJS4yEYIobqw1LHO6F
2099,Fw3QCzKGsD9e86pgLiIm
2100,FWdX4sHo6lDgZBzGKymf
2101,FWhXBxORyrDzpVAg4lTj
2102,FWmHJkilr3f9wGYgbysv
2103,fwtRXAaBD60Wbu4JEjgc
2104,Fwv6xNbYWaZqCEOjT2H0
2105,FxIYb3j5QRWKH09azTrC
2106,FXOALRt8SHUp2naVJksy
2107,fXP9DUSu5dt3MrYOKhAi
2108,fy3laG0Ic8Fudrw1oUZs
2109,fy9TuAIjJGqmkz6HCWaK
2110,fyH8oWql4rg7tEJSLpIB
2111,fYiBUrAX4R3e8EyJtP2x
2112,fYpFPVOnCAKS80qRtiH9
2113,fyPGVdkrRq4mWwIogJea
2114,FYsIBi6yv7zdqw1b5uHE
2115,Fyu9GzEigD5T1PCpc0Vx
2116,fYUD3GcsHp2JBE4Meg0Q
2117,FyVRginQdtTpSj14k5hf
2118,fZ1FK4ACxVie0GnjQNps
2119,fZgzaORsom2wvBLktWn3
2120,FzSPX69c8nfrMl1pLZwK
2121,FZyGRoXSd0DTWBqeA59k
2122,g0yHKSp9UMReb7ODs265
2123,G19qOjYAKMamw0rLgHUv
2124,g1lGzN3S8fPhx96QVbE7
2125,G1McmpbnaBkjwIZzyslY
2126,G1VDCsLj3X8FTW2yzgO0
2127,G29ao6i5K0ePVIxDXEJh
2128,g2xuLl8TswtIEb7SqfXD
2129,g3Eqjr9Ze6c1vSQfUtxk
2130,g4EyujTPMQHLfVIRlDWS
2131,g4oqfIJhBG3N7pOtnYUw
2132,g5aTwB2PojyI9DlbHh1C
2133,g5AVPIGTEBSxH6uQwWJC
2134,G5dlzsYqu8TkDrxUpXmS
2135,G7DQnb0fcE62usXeAmIN
2136,g7dyvFke26HpiqVs8Afc
2137,G814DYsFh9PKktqvwiuW
2138,g92uBMP7wqGFvszXjQot
2139,G9ItnR8HegBwlxEjDy6m
2140,G9jfR1PvIhwMx2Wts43b
2141,g9X5q6kEmFb1H3Z2ydPe
2142,gAb06acf8NMh2Xwj71HJ
2143,GAc5nqRb1NW9IDwCBvfK
2144,GAHqOv5KajTcR648pnbw
2145,GaNBEjUSeVQFLi3mcur9
2146,GAOqVercpKCZJX4l1wzh
2147,gAq0iv5oaMkEt3eD2c9V
2148,gaVPCzINmME7huA8cjR2
2149,gB105vrJPbcGCtuj7p4a
2150,GbcXlTxkFwUSD0La8Ahs
2151,GbgDPpJ7jy6Y9ncTOwA1
2152,gbkKyeR2uhSO5GzsIr0T
2153,gbnkY2AMXyVNEzriue3c
2154,gbNWT5xaD1MJQKFRG2oP
2155,gbpQC3mJrM0Ho418PR7W
2156,gBPu5wieVs9jhbcmrIMl
2157,GbTUXFYkMoafQSe1zN94
2158,GBvhKE2ydrS78XaiHUFu
2159,gC2GsRX3ewpQyvjO0Hb4
2160,Gc7fIKEtrPNZ2A48gHRy
2161,gcAwHM1dYerUjL9O7ptm
2162,GcDqJZKaY7OdRAkm4o95
2163,gCNUKzdsihtJYjLlAR6T
2164,GCp1DME8xZNUogB5aYWh
2165,gCSrhptYyd6vfQAZXcwE
2166,GCuDFKgQY2f1WH0B9VrE
2167,GD5PixCWp6ZltsQ8qVbI
2168,gd8h7lJ9UiFMqXQxwnto
2169,gdCHhcYzBskGJXZ63rol
2170,gdjL7Gu2qxoX3OHrSkWQ
2171,gdmNQEslb8Hut9fyw5VS
2172,gE6dlac4mB9VrXCLID2M
2173,Gea1HPumNZXEtlp9bcjz
2174,GEaJRH0xlprO3C8ShcQK
2175,GEgeJqIiTRFz6tPuolU5
2176,gelhQLoiRE0HZTOI2fYv
2177,GEprqj7xuTa8m629zQP3
2178,gEtM2pIuKPOxB3NXvi6n
2179,gEYi9wkRjzF31tqlsJ8Z
2180,gF1a0ZIBcAMKpJtOW5Sh
2181,GFdzM4pukx7wtXIKrS6g
2182,GFUoAi5Rm0Jn1XNlcjrD
2183,GFVUryQSjKEPM5pqs9h2
2184,gFWLibev8VZR2pntMDUN
2185,gG1MDImaLc8XuKRivsyf
2186,Gg4eVh0YMapsJBPSZCn5
2187,Ggabo8prE7kDOqMtKAWX
2188,GgHz1ZSPklNmUJao9xht
2189,Ggm5d6VvPXjsCAKzI8B4
2190,GgmARFo3WxUZ0KzuCM15
2191,gGrBPR4c8KkNWHuA61UY
2192,GgZ3AWheHi7BjuKDmF08
2193,gGzsUi7cRx04EC3aoM1Q
2194,GHavcNsxJtgbO1IiQmB5
2195,GhcBFJEDH3mI21YTWl9z
2196,GhHS0zL9cgNXFK6j1dIJ
2197,ghiVvMIKGeCLUQH8utmD
2198,ghP9Fz6SMXUvwxLjQrIq
2199,gHPbaK69RwpGA7nFtuvU
2200,ghvVNmusq9JQicTP5kHD
2201,GHwiU2dzIQBjApR8Kfhn
2202,ghXjl4pkWPETMiF1bruL
2203,gIb13FBH4YAQJt2dfveX
2204,gIDjYPOHKpMsXAyE5QeB
2205,gieTJZzmLhfO82bXVxkD
2206,gih3sG9TYD41VZOFRmpb
2207,gIhON4ojsvuxBfyJ3AMP
2208,GiNkXlhu50STxfgKa79q
2209,giVwn8ERCZrvfSIGFmaK
2210,gIznX7hZEtuYwfAsNVGT
2211,GJ1tcdBHRUOMILq3soiZ
2212,Gjhd4ZYiPaAFyIpuTx7n
2213,GJhmONp2RTcoHdrKgBMi
2214,gJQKCF6t8lGeO05PykWH
2215,gJQLAK983BsIvVwCHXRD
2216,GJREYDA5m4tiQ3krNuq9
2217,gjwqQk8r5ztTZcMfC3VU
2218,gjwWSlnxq3Et27IeZD5d
2219,GkA3vhfoHbwdeKPBl4ZR
2220,GKE3r56OmluVYqIZQihx
2221,gkJ36lWfpDUOTiMmIBse
2222,gkKeaVzi3TyCbL7fEWSB
2223,gKlJ0CFirsA3cOZUmWDe
2224,gKONpkVCn83wBlr0a7yc
2225,GksfriWPNZt927KeDTFc
2226,GlHSULc9O3qh8zmPpBuJ
2227,gLKYVXRSw2Fv1zcPAeyG
2228,gLmvzTR3BJhWD9kaw0nA
2229,gLO6W1y9Pu7ZJhCFfvxK
2230,GlO8VUEpCsqcwXioP7zu
2231,GLQ3Z1O4wCebKFV8A5z0
2232,GLXFv4PfqV6dD9eaIO3h
2233,GLz6FdekWya3tsUovJPZ
2234,GMEAV21K07wb4O3YisZP
2235,Gmk6HR4iIWJDEubOU3xe
2236,gMRA8HlDUsmd3e9ixz4h
2237,GMw5FUkrDxPvy2XmV4cJ
2238,gNBSR3AMjacCEUOKFfhW
2239,GneEPpmtLjvhTW0HIsNc
2240,gNHXp32DAWxm8vJbChnq
2241,gNKpoY74nrmyQLZJaIkh
2242,gNOcktmwv3FMZ4TH02EJ
2243,gNOGKEjzJi5phY0eyx8m
2244,gNQ3UDOX98dJqLmxvuSc
2245,gnQaT4Gdq81OLlsR06tA
2246,gNrGv32aJfY47A8OuB9M
2247,GNx5o9mIsTV3SUkeJFgP
2248,gO0h7udtqs4yaXNQAUPM
2249,GOCxdg4XrQYsZvKf2eNP
2250,gOYXcqIUEDltwVdNQzrm
2251,GOZy7VoT8K5AWci6DIu3
2252,gP2lDJxn9mFV5U0dujbs
2253,GPAypQZ0LH7rD1safnMI
2254,gPDIFE80MsLQhGBj9Xit
2255,GPEC53g1KvWksBcYhuef
2256,gPICkhiGxzB9fea5wUWM
2257,gPRfarzs4W7Notj0liHM
2258,GpslYfT8v4PVtUNKrR0I
2259,gPUaRd12vzpH7lkV5DhG
2260,GpuwW62nZ7VgKlb3X1A8
2261,GPw0fzITLhcQDkSWdyYx
2262,gq9cv7lPXyzBDsY8SfVe
2263,GqB39IgmebAiT5OrNf1o
2264,gQcxnGXHDVTCvz8hyaO9
2265,GQjf5BRNoHmXzt91hb0L
2266,GqjF9NARSywHgC6bUBte
2267,gQkYeuWndpbftU0L1rR7
2268,gqm9zEewrY2hDRBTixs6
2269,gQObujvhty1CcR4p6YKX
2270,gQzkDdH4UW3yNmb2Gt6r
2271,gR5cYMhLPZ8AkzW62wxv
2272,GRlSVdCEZNKBPj49pamD
2273,grOUwuRlHBySvhJF0nLP
2274,GRYhfsPiy72KcE8VaeqF
2275,GsAVzyD4hUnebMNvJFxc
2276,gSiFR8BO7lV1tjU0eMPb
2277,gsxM1eBSQobH75AZFjOR
2278,gt21j5QSnq7DbXKoBYml
2279,GTQjgZSf6328a5et7wNR
2280,gtsQZdU0r159I68nfBjL
2281,GTXj5Lg2ZF4tJAsPBCYc
2282,GU32g0fBF91xp7JqNXHY
2283,Gu4dsQRY3laT07VkhNqE
2284,Gu5cz8UrOo0QDfmsZkA6
2285,GUFWALVuS2Ndn5YJfHjw
2286,guK1jI6B9oNCAaZ8TneQ
2287,GUOCE4g7Wk2QPIhxJnYF
2288,GuQ1RtmZ6UMe5J4PTqgE
2289,gUSm1WN6PBYQabnrLs7h
2290,GvgTdLOzfM5k94o1sIqJ
2291,gVy9KtLowRECFWUXsj5m
2292,gWCuk7BUzdH01whK68eY
2293,gwEG0RDkZB6Xfru7JpVQ
2294,gwhHpbvS8KsCYq9iEA7y
2295,GWOV07nzb1Lasfh3wYep
2296,GWQYvtI8a2rouyEOPcHb
2297,gwS6d1lqMByKUNCEDXVb
2298,gwXl3eWLKuyCDncbaMk2
2299,GxcE1XCeU35zwFIy0ALN
2300,GXFP0dYvns5NoQtIBECf
2301,gXHK1mV3DGIftCOyrk5h
2302,gXHqfj9eSQTA74aE1x3G
2303,GxlJVp3SyrY5vKOd9QgR
2304,gy5WKTqjLBtY1dlX3osG
2305,gYadf1sCQqUIPiD5tGo7
2306,gybTWSU3EjBGpCVI1JA4
2307,gYd81epFW6QfuBxAvILn
2308,GylnjTzLMh9SO3FgivEc
2309,gyqaKWGEz18V2N73swJu
2310,Gysrvz2mYQ9KOtJHP4T3
2311,gzDsnHGVF4Jut7adwevq
2312,gzfdolrL4kHKb0GaxJnZ
2313,gzfI1PqVjhYlkHBuTFLm
2314,GZMUBgvzt3brcfsh84iR
2315,gzsqAHCc8nFy59j7hodk
2316,gztvnwuW7BkpKL9acrmO
2317,gZyCkLSlHf0x35REWhjm
2318,h02fDAK4zjZX7UmsJVLg
2319,h0BlxmpFHtM2okiULcTf
2320,H0CJMeXs7oU4Z3h9RqYz
2321,h0DRFktYmqyi8p3s2Aa6
2322,H0evJ1QxsltOCmkDaTGr
2323,H0ifOVETDIjMrgGWSa4k
2324,h0RSAT7iEZH4lOQv3NtW
2325,h0VaLmr69gdOiyRwStZQ
2326,H14sZdW5uykCAYUFon3r
2327,h1nZq0BX5LruizPw3EUm
2328,H24gZfhreXtDJMjo1ISx
2329,h2bGqACH5pKZtoOzMVRJ
2330,h2cdZou5ylgEQaUiJvSD
2331,h2dmlEMoAOI3fPxZ0Bsc
2332,h2ygf7Vv1zkIe6q5lTnZ
2333,h3EdyntkIm9wi0B7GH8g
2334,H3M05P1RSdql2eiXa6Vg
2335,h3rJYzdueyMUj2QGLmAb
2336,h3V2WxD9LUz60iOnGIrN
2337,h3wJc9sbFx8AMane7uqY
2338,H4lKrjuZUTVAsgiz7kFS
2339,h58VsWF3CjNwgxZenm7l
2340,H5i2McIKkbaGe7L3WnQ0
2341,H5QR3qYhCvUI6px1oaEV
2342,h5vYpXNJjs0qRDVyF8Z7
2343,h60RzHtWuaqKJU7s9lVA
2344,h6dXO0barf1t94w3WHzN
2345,H6lnwc5Ixk3o8O7iXtJK
2346,H6pGwSYfNmZVd80aeWg3
2347,H6q1LlJXFrbITo8MQdmO
2348,H6tgJ4jTyak8VsANRFud
2349,H6ybDOrvej4UfdInC92M
2350,H75RL96JxmMEfBvbe2jk
2351,H7CpUha5E4m9YzjxD0Z1
2352,h7eLbvRPOmF8GWnSV0td
2353,h7MY4l3UxgNjiHR1C5Qf
2354,H8dnb7uFRMm01jqDYWC3
2355,H8g7nCGOSqwQ14kAozmt
2356,H9Eli3VJ5WdQ2uejmpKL
2357,H9W6IBvFuM47N01krXY8
2358,ha3muSrdjiVkA1JeBQ45
2359,Ha85TktZVbeLdCOXN7vj
2360,HaFcfJxs8Dtyvl2rPnMi
2361,HAI3gUuLk0jmQwtZ5GOo
2362,HAnYJkPbuc6qWghBO7Ld
2363,haOqi2LncMP9VATIrBFZ
2364,HaOw84bYfkn2yxpiRFPM
2365,Hart39NkLlB6RAbq5w7Q
2366,HatR5OEDxJYmzrQqCjAl
2367,HaWuY5IXN7gOmJG4ZCkd
2368,HaxgVnrql4bk7FEot9Sm
2369,Haxpwg4SmfWQLEPyZ5jK
2370,hb51AsQJ86yW3C4g2wGu
2371,HB6l3Esd2mZGrOwTfYiI
2372,hb9uKJOr5i82jEymWofH
2373,HBGj1awLFEUZ7MYNgbQX
2374,hCc0HPsTNYxXADS8yLKv
2375,hCH2ztpK1XUakfjqrx5P
2376,HCItVjnoUXrq3OJcdNQk
2377,hcpZW5LfIklq0gCJsYTP
2378,hcwtORMJqx6kPiQzVjbX
2379,hcxzjg80lCIdiRyQ4en6
2380,HdkjoqVQLg08cRDvpuGb
2381,hdm2IYJXvzDOotwQuRc5
2382,hdmGkzIWx89uo1T6PCXY
2383,HE928OWkP4RJtdsNL7bZ
2384,hECVdzWU83LJkc46iGMR
2385,HeJ3ZCW4yLRrdktsnKo1
2386,HeSRou1ZPv5rNK2Wnzmx
2387,HF1t2RKfSUr9AQij4Tsd
2388,HFa7lQeGbUMP8hwKTr9J
2389,HfclpJgDhXPiKA6IdQVw
2390,HFhLC9OzeNJbP2B6lmsf
2391,Hfo6yVm1zvZaYlTeG59b
2392,HfX6SvZPi5ImYgh2RkBW
2393,HFyT4lU2KtEZfXP3xYV6
2394,Hg89VOKL6ZYk5oSC4cMU
2395,hGD0efK53nrvzcdx42tY
2396,hGRPEzl98vMXW5DstFJT
2397,hI7BciQG1fTlHLJWmZX6
2398,hikFXSOzDrdLPARgG6aJ
2399,HImsZwGROPQ91kTiUrWe
2400,hIrP6UL0jT5AsmaqidBX
2401,HiSpfPqjrLZOE6h7JNau
2402,HisQ9bLAevYNUuPnx5aD
2403,hiSzJtUH7VqsZ6fDIr35
2404,HiXUclzIL2rEutjB74Nm
2405,HJ3G8CS9f4yVmadQ0tOP
2406,HJ68L4XrwdsxCnZ37bei
2407,hJAuWl3aGKLbRz0gtiSe
2408,HJayuX4Fh0GRBoALP6jx
2409,hjESsM1TOUgAXkLzZiRr
2410,HjhNmc60tkrMRQZ7Po98
2411,hJO6AGKpk2U1PqiX97cr
2412,HJPDtkT9Qv63BiG810AM
2413,HJt1Mc578nYFBDdKNkVu
2414,hJUKWFN7TtXmZgqL9kM1
2415,hjwLWmz8ogPaAMTxqI3Z
2416,HKD6kbY482MvpV9saOhi
2417,HkFgNRjpGq8VcAW0J9bx
2418,HKFhlIpNTqUuGe7E6VtB
2419,HkOs92TnWjMz7cvmxENY
2420,Hl2P1kxawM74dKtuoA9c
2421,Hlepf9aJIoFTQcrmXO4P
2422,hLfB8arbs4nmcx6tPAJz
2423,hlmIHcydkXi31VfWpTG7
2424,HLpXtJWqcKPYl3bdQzEG
2425,hlTCsg3kPWYGzJAcLBK8
2426,HlukEnBqpOFY4yLPUtDe
2427,hmFl23Vv8AQq74sLiuIz
2428,Hmne203D6GVOJkqhsi8y
2429,hmW0kZVbo2URyzBOiale
2430,HmwfPZIjsCeOiXQ8gJo9
2431,HngN1QsVwobWqJB3RXCz
2432,HNRDf1hTCBS0qusaiFrg
2433,ho9d5i06MgDQnwOzUWyC
2434,HOXtaor52udEKIemGQUD
2435,HP9XAZik5fCJbjupGyV4
2436,HPBQ4Ft0wrnKGmqSpMX7
2437,hpCo0vZsbigG5wLEjUqS
2438,HPhRECJ0UDAcko8L6Mqg
2439,hplxP3Se6N40oMBqY81v
2440,hpRHqfonKgzAbd83XVUI
2441,hQ3EP5rHNeKgWXGIaZUC
2442,hQ3JVMpHcxDdrXqe1Ult
2443,hq3MXxLtUF6aiJpc7bsD
2444,HqahLV8QnY0UscZz9D61
2445,HQCGK7qg4vjwM6iVncxD
2446,HQCNdPn3ytMDrB96b8kX
2447,HqFd1seJ8IURTuwDbW90
2448,hQkVSfRNH7Jvup401YgP
2449,hQnAcOfHYisDkINaod7L
2450,HQsxB8eSMlgV9zIPtvWC
2451,Hquc0fQsa6RVd3eDJOPv
2452,HqwX8R5sQb1oVB3uD67O
2453,HQZY7q3BvjlrANFkcxT8
2454,hR1KatoGrMUNXiOfHw90
2455,HRabWnUoX7zv8h16F3Q2
2456,hRKfPJTs2kzBviCADwuo
2457,hrMLJ7DFIfmUGPB2q8y1
2458,hRVBH2z6buFoNA7kZvS8
2459,hs3jvI9Jx7iTzKPYEXcl
2460,hSATyqd2Ixgzf4D3jM0Q
2461,hsNbP67uBJjwyXVpcRqY
2462,HSpxv7XiuwNj2ceELTnJ
2463,HsQ5djezVw4mtEoLChWn
2464,hsRZLrea4Yk76V8SQlq9
2465,ht5xflFqOHX0p1Us7PoZ
2466,hTOJKwgGvBxb3dS8e9cn
2467,hTvkHcPfw8pLuUA2S53z
2468,Htw4uoGKsN37Dne5ivEP
2469,HucyfJVMikNI4eTPCd52
2470,hUegtzYksEIxJGaj97Op
2471,HUODeWwRlv1aJKVT3Gni
2472,hUswQjfHbyK0z15ZPvix
2473,hUV0BrHYvLbiPAZm5gf8
2474,hVA2zb6ogGrDYKTZHLv0
2475,HVlorUn2MsXN6BdZghv4
2476,HVz3swTcIpKidhADXJCk
2477,hW0uMVwbTdslPIxXZCvr
2478,hwb7WlKfRcgA2CVXHPYv
2479,hwekzyp1YmGI3joFdLaP
2480,hWrFmiajeZ8bENA2sydM
2481,HWSeXqDjk4pg61FyBTPC
2482,HwZeBiCNoxp1rRFKG7av
2483,Hx6nJfolcVd7qeXyC0QB
2484,hXkaQsWRA4yLtomnPTUx
2485,HXoz2NOQtTgJ04RsL5ME
2486,HxsYmQeR6PFSEtiXzqJG
2487,hXUBdG2FCOLeq0kAWNSp
2488,hXWmVrauve08ACsMNqZn
2489,hy06iTwRapYMkPnmo17u
2490,HyAR3BXGISmoYQ7J9CLF
2491,HyGZgONJhVT2lqb0tjwF
2492,HyITQWvZXan3zBoDpCA0
2493,hyOk7czQB9E56wtHZ3XP
2494,HYWqBox6RUpgKlsL2NJi
2495,HyYjp7w1oiVRl2zaWcsS
2496,Hz8NEvBRqL31AdfQgmFn
2497,hzOwRqLESdnCQMYrpF9N
2498,hzQEN4vnyrWbJVo8cSGU
2499,I0tk2asbMQNo9G8Bw6Sr
2500,i1hsFQal0fbxepMygR3C
2501,i1QF5bIjKc6AYl7u2fxe
2502,i1VKLxAlwqXfUZTCsr39
2503,I21HaMnK9rSlpNvoyUhg
2504,I2QaRs1y4TmZVLwWCPv7
2505,i2SFanX7HzmQCjYKvGrI
2506,i3IT61aHRFludsD9OcbC
2507,I3m9yxl5jsrv71N6EBdH
2508,i3qU1dflygzHrs6wuB45
2509,I3u6QhEBDJz4VLkCA8sT
2510,i3wtJvkrchqan5mzlF1X
2511,i4mPZXrJRahKbxDCTIvu
2512,i4UOK1laRc75fyTjMQru
2513,I54GcmXZYf2A9bv3d0Q8
2514,i5bArN2uj1mtEOBkUzlS
2515,I5PzNTDtvWsK76fBZaGL
2516,i5slewgWou6xZMUcdATm
2517,i5u2KDJ9t0OyAdokafj7
2518,I6pNbzORLrq8uG0cCJPi
2519,I6sudLV5paJfZjokXCqg
2520,I6zeNMZCJ1mQYcKgO8kf
2521,i7bf4rs8NXY5L0D6hzVy
2522,i7Zea2uqM6KfAHtICFEo
2523,i824AGVjzInbOBgtHZeQ
2524,i8gKknCGoFD5tzvVhEfS
2525,i8kCqcbvENuprBmKX46L
2526,I8vgEN7OXoeaSCf3rd0h
2527,i965bg2xFhQCzfv7TZ3I
2528,I9zJ0pktX2G8iL6vYMKT
2529,iabhfQKo2XPgrGpdZStD
2530,IaqnMmr52yzNTpdl9bvi
2531,IAX6uCwTfFUH8vOKkzcV
2532,Ib5eiMc7tNOUylwFBLvx
2533,ibds3l6eYOnAuZTFzC2x
2534,IbEo9xn38UJfk6R72XYq
2535,ibfQ0Ms6FPkLSJdvEzW1
2536,iBNlQ3bYzKr7R6DCXp2F
2537,iBwVcOQ6hltTIaZp1SFk
2538,icaSMQIhTNrDURZyoLBG
2539,icj1JwTvFPKeUAkE3SGN
2540,iCjLYXNmqyRhtbeWfFG5
2541,iCkJe3xvjfQanEOUywFo
2542,iClgu3d9HaVLfXhUzkIG
2543,ICN243AbS8mrtuoY0EOH
2544,iCnEzomH19dKjvfZQ4g8
2545,iCTM2UR1WpXF6kuG7zHv
2546,iCvAxEGIW5wnpmhfNK2y
2547,IdgVGZmcO08sl6Ai9bEf
2548,iDhagNWxZI4Y7nQ89zHP
2549,idINaACF1etphXJy3nSr
2550,idM9jgSrFceTfECaYGLs
2551,IDqzFwbkhjylEV35KGmv
2552,Idry1KoQ2uFm0aLeABDG
2553,iDx4TemwdyfNER52l0Mn
2554,Ie0N6f1waoAFpLimyJB8
2555,ieCL1F3nH0Ky8rxzSGtQ
2556,iED1fIxnGyWRLuYNvl9s
2557,iEhcPy0K56ASp98xlUoT
2558,ieLs93AGTlXK6jBkQc2x
2559,IemKCvJBb7iaO2owVYHN
2560,ieORvyxW5dSpQtVqULX6
2561,iEQqVxmbcTeIASF5fBjK
2562,IERUhCfHvLA2ScutePwd
2563,IETGJWiuU7As6SPewtOk
2564,ieUqYbvXQJhLB4NDm097
2565,iEVTh37Mo4NWlAaqCFkU
2566,ieywoN1csjbd48IgVlqM
2567,if0JHIlxvu42A5aDjh6b
2568,iFCQuWqZXf75M1rwYJsT
2569,Ifd4E12wpGgAOY8PLsmJ
2570,IFfDHk84oQVNtCivPThK
2571,iFG7jwNOmPvgckQVdf0p
2572,ifUj19ONxy3D72bKTWzY
2573,IgAUSCnimJ8erwFljDP4
2574,iGeOZD9thLqWJjBTwcmb
2575,igK38Wl1FjDJSnhYZves
2576,IGlj5HAEq1FUhbC9JWvr
2577,iguj6WF7SPzs9evTrl2n
2578,IgwEeaAG0iZjLbVQz2n4
2579,igwzbq8sOkK3TR7A2Pj4
2580,igyFEdlJtGwk8uT2rnNV
2581,iH5f4orQv0Z3xAlIsbWh
2582,IH9bfmpC1AVLUki7YhPT
2583,IhFqSl92jfo3yw5Bzpg4
2584,IHiArX1xcBZgv69o4s0a
2585,iHPzknB1x9ac7AJSMZWb
2586,ihT109rSABLfdRNxvMGW
2587,iHZnpXNuLTUQtElFz3jr
2588,ij6XhzqMWJFI8t4SUvQy
2589,IJ7PHaulCRySGjKf0DEt
2590,ij8Lk6IpxTzC4WUH79Gv
2591,IjcoL9OvTtrmEYgidSNQ
2592,ijgoCyseRQAaErfUHZMY
2593,Ijgzo3ts4kZ9UQ7h2nYd
2594,IJkRMnXj2AflNqE0Hac4
2595,ijsaQxUhdyZ0ReqYklbG
2596,IjSolvLdV1387MF5YNZK
2597,IJVGstw6jylqvRrkMocZ
2598,Ik2JctT0d7BxoChuYREl
2599,Ik3i7Amen5sVDaq2LlPc
2600,iK503zvsIBnMQAwmgHux
2601,IkHEuqzV2fRptB3TnsoM
2602,ikNI3YPuFznBR1ydWDK5
2603,iknpx8RDfJdFmIcQGzha
2604,ikNw2nIvYAHPaod4Dqsp
2605,iKO6gjUxRyWH2rq5unMT
2606,IkRyF3nC95E8dbBwjO60
2607,ikWOqdCK57rcjxP4SJZD
2608,Il2aohvFwitH5SK4xYJn
2609,IL4NksaVyYtQEKAXnUSJ
2610,il50yHcbIevZ8dsJOTQ4
2611,iLBzkjmPncOKs7f4FDv3
2612,IlCigar0eZ13Xtyf8MVn
2613,iLdhAeC5DWmbVIBlTkvO
2614,ilEPJ7GwKoDNnLH0mkeQ
2615,IlMibEgeH8KjRyfdcU23
2616,ilogAd4QsU38IFBcuwDp
2617,ilxt65RehXQoDvTzdFLk
2618,Im34xwvrNE5U2FGfuSCH
2619,ImBUE37WLcf9PJ4kgZnl
2620,ImCo1Zy8OsF6VXY59Bk7
2621,iMfxGbk126VRgczUIp03
2622,iNAkPdWahDTFG8MlBtEY
2623,inC4uW6VxpDb3TtN5jQH
2624,inedOmh0W2384wSNLQ6q
2625,iNqCDB2ehnPTloQJyWbU
2626,InqZsf5iQozvl3aJbKWA
2627,invl0ZhpcKaBLtyMTsfx
2628,iNWtL07ncSHTDa2RC8Mr
2629,IO12QehGcoYTmpvb8PUE
2630,IOcJwnQpZFA7fmM09hDC
2631,ioEn2sGfdQ0z87DKeF4B
2632,iOj4fAeuRb92FNIzQoDt
2633,iOoB2uvIKDkrHS0Ewdte
2634,IoPNU9sX4CqjaxABizpR
2635,IopqlNQASCdjT8eOWRHw
2636,IOTdy6SHm7cbqPxoLUaw
2637,Ip4S0Gj1kNsyRExh6J5o
2638,iPFa4r6moSNthpqB2RDV
2639,IphOGU7e9aVLo1s8XkC2
2640,iPIBLrzewX8YydsAOtnu
2641,iPIKOaZ32BTRHYqw4CAJ
2642,IPpdskJlaGev2MYSXnC0
2643,iPtRTr5EZ4bQljzKXYcJ
2644,iQDcR43OKXIJzT5WV8AH
2645,IqHpKbSLQ1J98m5sOxyt
2646,IQJlrKuUAyj4seftWL2b
2647,IqNLyv6Bw15TOQs0JPf8
2648,IrD2NqBzMT4euJQbXyv0
2649,iRDBIyTSNfnr93j864dc
2650,IRdfwEvMDHeQVSa1pntx
2651,IrkaJzo10g5Vl82vHLf4
2652,IRp87lKaGeXTkBtJS6ji
2653,is6TmBdqUpHwe8hA9SZM
2654,Is7XAaJBcrSQNj2dmKlG
2655,iSaFcugoKwRrmPTDZOyJ
2656,isFh4lrPwI5vYeqQN7Jj
2657,isftHEewmkrlK1pCPILd
2658,isqLdxNQRBISP20C98A4
2659,iTaQmnKNdO3c5xfPLZYw
2660,iTEz2rB6XdsZIG8g07lK
2661,ItFJGq4xniKuQ2BvaYOj
2662,IThBzvVbMReu248oK3UJ
2663,itPKjAZNemORVxF5ul9c
2664,ITQEnh4F7kb1uOs5CYMx
2665,iu15WrfBX9psnSIYFhvz
2666,iu1ljDsWoZzIU8GOdNmA
2667,IuAnZRqFaMl5eYbPwXvz
2668,IuCwONbnrsUq8PVpay1F
2669,iugDTFftkUxZAWcBwCYI
2670,iUMBXW25b4RIsgx78CZw
2671,iUPd9pr2ebcqtCXR1g3n
2672,iUQAHhE3TKRjagWtFdJk
2673,IUTWY6LR7GmA3t1HPJaN
2674,iV6KNhbmAX73uZfq1OEW
2675,IvGnL2WUw9BKEzpZj4gi
2676,ivJ1wBXIQLEyThgtZNoM
2677,ivrudVW0BGmSOlbqH6MY
2678,iVTe1IrhyJHjfO5246Az
2679,Ivwjph2yxl1gQAJGiDUO
2680,ivXUldNe7j0Qt4TByrCm
2681,IWcps27Z3F1niBVavCw8
2682,iWd5sag08IpDQFHkBv1t
2683,IweQoKz4HxGc8mAETNpM
2684,iwKlT6Fh3qfXp2kdVS7a
2685,IwNUoFX01y2aBL9ZmObh
2686,IWwBaxyoTQbklN6CDG3h
2687,IWxQPzmwgUTV0tauqOhZ
2688,iWXubQ6nP23yTYH4lJxk
2689,Ix1zV6v9hTQNPnk0aR7m
2690,IxDWCHO5VF02Gl9YqsnB
2691,iXgHCQ6bTzvFPout92dn
2692,iXvRMOL7t15VljDfyIPx
2693,ixy8u5ZQrBm61S3LPOhH
2694,IY9HnrhqPomv3L6bAzeX
2695,iygdLJ12UmnPhGqtsSCo
2696,IyjtB6DFWvnTYw1E934Q
2697,iYSNeF167B0Oaslf9Kb5
2698,IyTm2g1Xst0oAW5uLBQR
2699,IYXhFeyzUjrs6RNZcWAd
2700,izRtJ6ELUuCPWAxB9ZOs
2701,j0pIG349TtMiXgkH2bnF
2702,J1pSxIYHluoVsGXdUOrc
2703,j2IBarGQysHh3Cfz6M8i
2704,j2xmyNRTk49VWXbZMnUc
2705,j3FOSiYcJwQPbeRAIaVZ
2706,J3VovZ7rDnIsYpk8UcXt
2707,j4dgfzhlaw1exCvbJAQS
2708,j4e5K0tcpfIlSYT3QUkd
2709,j4G3L8yMzNPkwhmE9vVg
2710,J4P0LycSEbmQ2k7oDuev
2711,j514c8CPoS9fIyKmnOaH
2712,J5RbToUgXr2wAm3uGZOe
2713,j5V8KdXkywtlSHNPCBcx
2714,j6msrVaoBEJ8cWxgZeAH
2715,J6NCAqTrpj7W1Z05XbdM
2716,J6RsFGzY9gtBZduifPlD
2717,J7pqfAnFV3goS1rWbkMT
2718,J80lTkouaSwOy9RWHeZC
2719,J8BlM3NXxq4LzIsrGVPD
2720,J8bOFPzjTYvQdZlEeSuD
2721,j8FrKCme9oS3OGcHhd1z
2722,j8nmPzbFQ3ovqrXu9JtV
2723,J8pdGbHyWis9ToawOIMA
2724,J8pNXRP9FacnW7ivEYKd
2725,J8t7sprOxIUbZyg1cmBu
2726,J9EgXeHbB5VaD23i7rhN
2727,j9O3VJ7tDS5pekl0Ehqr
2728,J9X6kBa3wst7ocmqeiW4
2729,JAB5De4OMltSf6IKHo3Q
2730,jaHTAc6MVElKrygs1CzO
2731,jAVrC4FvT9kpaIEY0woP
2732,JAvZf2EF7UHC6OKL81Gm
2733,jBAq9uw7KzWcE85yJMhd
2734,JbaZC7Fdx0rzD83LEghm
2735,jBbO9vIsVMT21nl7megH
2736,JbHYMfgWXkjx7iVA0Za5
2737,jbkwtqSZ6HavpN7Rr8el
2738,JBVExGsfH4oybvK92pPg
2739,JBXrCHbwSvZ9c5y067Ol
2740,jC9SO83DwoU4ZBRnpNHA
2741,JCA6mY29clo8LOGxaMnT
2742,jcH6s8DNVoleU3d9tiZL
2743,jcZCrbDqHQusThgnOeV5
2744,jDdg0PT2HAlk6qrbJKMi
2745,JdKvufgTtHEU9qoMxFSW
2746,jDO07nLsp3BTQSIuaYAF
2747,jdqclF2YAsm4LJwZUxPN
2748,JdqoYzZN0X7PUBCyvspt
2749,je0Ds6Gax5oiTCmPAcBR
2750,je4HWtx9M5ySpPBO0wgf
2751,Je7HmzKCW1ocBG3VdOvl
2752,JEbogFC9kPnGSdi2KDaZ
2753,JEdVbXyCro7SBKHZRPOe
2754,jepVLK14FMHN90rgJCzs
2755,JEULek2arB86vPXS0lDW
2756,jf1ACezG8V546aklihHu
2757,jF8Qxdo3MyVEc9l6O2B1
2758,jFcM7da1kw3GCRBZnHrQ
2759,JFGA1Ypxt56ElPa3WUOQ
2760,JfHLpzI7Za8nXSy0lGjO
2761,JFlNr7Vo458dMxwQz6nh
2762,JG1LeckMOuCUwIzbn5Wg
2763,jg6klbOWzZANyhPm0uws
2764,jgADkcnCSRavse34pTXZ
2765,JgBfH0iAzTC5L2jIcnmb
2766,jGbqZYOa6c8DNE4ugLTh
2767,jgc7JuLdUTfKEIiC32v5
2768,jGDhfaCXJUd6tAx80n3T
2769,jGeSITtdnpmlb3LYRvZu
2770,jgHCV89D0RbYKqhxwXMi
2771,jgOs7KiB0aTEzvSUJVPp
2772,Jgp1wWtT2sOZKb5FSAy7
2773,JGpFMd5bZlkQ18fxNcwn
2774,jgpTUqt96Bv7i4xcIGzF
2775,jGqYz9DaFMOWUlSwJBge
2776,jGt4cydZi2DSfu3qbxHV
2777,jh371q0WXKwZP8gynubU
2778,JHD78B2ZYFw9lNqSKjsQ
2779,jHEwUGnCVyvB8oguAseJ
2780,Jhg48uneMoXZOmB10Wbz
2781,jhgdqC2e1Z4inImTQKvY
2782,JHQWofBYhqSF8Vl2ktUO
2783,JhUKcAYwftEjC1PuDgIe
2784,JHw78Zjm5qPh6iG0SDXz
2785,jIDdt1WG4JV3zMa0XSb2
2786,JINMqhxUa3Efc8QF9vCd
2787,JISwfuZgpX0PHTceqGCA
2788,JiUyEfTOm6oasXKj7p1G
2789,jIyQaF8JZVE3Nzo4tLkw
2790,Jj7eK6AhkmDRB53WSO4P
2791,jJhBM9Xk6Hdu18c2yapZ
2792,jk94DfpsQo7XlHqSrhZi
2793,JkcvVWjUdD0OTuSmzA4q
2794,jKdpYN8VETvaHs2RqmQS
2795,JkIA4qhYunzdUt39xGrC
2796,JKNVsPwYM4pojQLl27q3
2797,JkoiGmLfBj4FtErK1VOH
2798,Jkp4jA821MuFmbZU6xRr
2799,jlAbE5w17FvJnpVHi40P
2800,Jlcr6Ej1P3W04SRGh2Nw
2801,jLGqVQ7B0iuS86YPRd4r
2802,Jlhb9akq5NpXnvIg4DG8
2803,jLrNDsQ3yo2kHORVSuIX
2804,JLS67VuPi0hyto3e5g8w
2805,JltGZkHyLmsi6aV2UQ8f
2806,jLuXBKEVC9ngUadxi2Nw
2807,JlYNWgvo2LCkQRV8d74u
2808,JM34WTehCb9VuiQEgr7K
2809,JMaEzg6s2P0n4wSIyulO
2810,jMAU1E9sFQl8JrTq3xeP
2811,jMHviQAUXJqEbokeVZYg
2812,jmIbaRlXMCkYHt5p4wos
2813,JmkbRz8HhX1pxuCvUoyj
2814,JmKxR1BwiHDqnyskEA4p
2815,jmlJWL658GNeHOzQAECs
2816,JMNi0s1eEKFpV85LZkrT
2817,jmPeQlFEcqyRuVwrJTvp
2818,JmRCrDBGEzfgISdvNsF7
2819,jMtLuy8lJKkiomc39Ibv
2820,jMUPQ4E1FY2HC6xXpc5r
2821,jmvJqEQ1VNh3ukH6cIRK
2822,jmw9eDNhFgEXaOubnpxC
2823,jmZFJgqWL2NO5HkQIh3o
2824,JNez4Z10tfKa52BDCkVb
2825,jnhylIW4dLfewzYmEDOa
2826,jnuV4HifAv2PR9wkZq8Y
2827,JnWzZbM0eqvQEmwKDg4t
2828,JnysZFLMzgC4rQDtW7pB
2829,jo31Zp8ISmPxHkr5R9Vw
2830,JocNhQ0k3YVagXdWFwb4
2831,jOTtmr8uJvclSIBf1xHo
2832,jOVlvmtXnWKg6JFrZLTG
2833,jOZMUJF5waGhqLQbWsYz
2834,JP7BMuOe5I0yYmSCbTNd
2835,jpdhY15v8mkeftGiF4VA
2836,jpT74BziaEYAtIfhnyW0
2837,jPuWJtg4px1DwvFAVb6e
2838,jpuZmMoSd7h9rInsUy8c
2839,jPwdh0NtUaR9T4MIWcuE
2840,JQ7wRLlnb6WqEkd28mgF
2841,jq7yDM0YvURn4mlhtec2
2842,jqNt0mQMAOPZDHWxc6sY
2843,Jqoa4MAO197gIvFxHYWU
2844,jQqeMNUahpkbZI18c49o
2845,jQyRwClgJHiOnr5IZ4cF
2846,Jr3s0Zc7EDULtVAyT4fv
2847,JrFfspKABcSqx2zmTnCg
2848,JriE9TlhQ2Y5OGwV0XZL
2849,JRkmlOCtMWc9j1o6E20h
2850,JRpgnDye94P8crMsVNHv
2851,jRqJ7xPQF2ia6tTsbKUY
2852,JrsqMWaubVkZ3vj9himO
2853,jruhTVpPOJAywFSdmcs5
2854,jRwZmbJetAvIcqKVYDrO
2855,JS8ZjyGstceXaxVgH5bE
2856,JsAiwlCSWNhI41j97Qtu
2857,jsqeT23MYgH7ytdxDUki
2858,jsWqfHZe5rIdb4QgA6V0
2859,jta5QoJ6BOMDnvhIu2Uq
2860,JTAoQ9miHalVeE63PdBU
2861,jtEkniTysxuqG6DhAX57
2862,jTgCQwsHRJMLbVrZYxe3
2863,JTGwBa8eXvHn6uf1DUdy
2864,JtWKrxZDdMpCPNkRLEbH
2865,jUDRevNaIGil1Tp7SOks
2866,jUEoMwWZuAxDmqks3Q10
2867,jUeRolnr49Mm7DF0JIZX
2868,jUK5O9P6bJSAiMD0ofQy
2869,JUO3pfywZnC4e9xHLBMA
2870,juPCJRHOoLngNAvBZ7xl
2871,jUY2ipvXO9E5SPuLwHGs
2872,jUy3cSnq2h9ICJkZ1HEX
2873,JV6Qew1hoIUYF7uiCz4L
2874,jvdbriZknaRP9emq2Lp0
2875,JVykPqaQI54ZfizrLeEF
2876,Jw2B8a3TEXqztGfdA1Dc
2877,jw6dqJau5vzf7Vylsb9D
2878,JWawnfh3HmQDGlzXbIRg
2879,jwG7iS2FOyNaUY01QC5x
2880,jwgdCnV54xIZHMSsGYFc
2881,jwJRB9KOeGsc4ME7WXuy
2882,jWNEnHAV6QLM9bTPeFyS
2883,jwOH9vMbCimpZGrQdYPq
2884,jwQGe74vFSE3bVoxdCIZ
2885,JWYBQVADRKylxCaXIfu8
2886,JwzA3tXdgc7eNYxjCy5L
2887,JXbBkuvnYF1tCANOlZy6
2888,JxCiRHy4M6F5Kw8rDfjq
2889,jxGMPhcQkACHRZ7DrI8w
2890,JxGT97ynUebwfFQZvdu6
2891,JXkn1EudrFKLeSxT35It
2892,Jy0NTuqFlpx6LnhIXWK4
2893,JY1d3lDuBMqznVF0NISt
2894,Jy2Nw4xD3bPilQfRsW5m
2895,JyBvdherH16jbUktYL79
2896,JyExpTqVMmeA2wH0FbkY
2897,jynSzuQrYfI7eGHWKmPZ
2898,JyqYht41w6dOsI7enAF5
2899,Jyr4P9SzRXWmEgFwhfub
2900,JySEQsbmRtqxuN2D5IYO
2901,jyTeVvz3dUCLuwgAtlEO
2902,JytOpUNjThR5knZgifGQ
2903,JZ0awYrmX2UWLD6zpV1l
2904,JZ0H1CvdiKOpPk5SBMqt
2905,jz61IKlwh8tLe27qWUdk
2906,jzgSsMvr4QtI5i2LaNlJ
2907,JzHoWdVa3CrB2qOR1NbL
2908,JzMPiTrOXauAZQ4NkbLG
2909,JZxp9mEVqv81h4s2YkCD
2910,jZzi1wtyQf5L7HuTO9hU
2911,k0LehV4nOdwpWZ7DmSbM
2912,k0WuAH9EPzeBGTc8YVjf
2913,K0Z2FrjYgcqoQaUuOGWP
2914,K18LQkydvn2l5HUxOquT
2915,K1cOhi76tkCvbNxPfLmD
2916,K1lFzHEd9BrbaILcmMsJ
2917,K2OouiFyb1xSIVLRNfqE
2918,K2QNGrnBZP7I5MiF9kUb
2919,k2uRGpoUItiWrTga9ysQ
2920,k2XTme5cZwf3Y9VShBn1
2921,k378iyT1NpLrAeuQgxvF
2922,k3Gv04b1HUEMmrPCJAct
2923,K3noAT9SbOV4RlDMf2Zk
2924,k3vrzKCeduVIEYyfAhRx
2925,K4IXeqoLWvYJwg8thdrx
2926,k4U7bfepOEJzgK8S23lX
2927,K4vZyugzc65PshJSG7R1
2928,K51kg4QuOW3zMeft7lXU
2929,K5g1aRrQn3tXvPbLGpMS
2930,k5hNijdJSezp4M8gF10Q
2931,K5tfseBz7vxwAhCPI6Rq
2932,K6iRbvqZrJ5h3C4x0mMT
2933,k6Mnj2POrsKEqVxeNJAu
2934,K73w4anvIFEZi96dxtA5
2935,K786iNwZCzFfscSOh5u9
2936,K7AwxRfWPnc3hzXLatQE
2937,K86VgF4pZnPzHeSkqhtG
2938,k8FHSmDTwC3eIrYsU46v
2939,K93H4bimO5rlYB2fuxMk
2940,k9Vp4RQczHiGXIJ10qMf
2941,k9xRmJIPX3h68arYZ5Hj
2942,kaC12G6AcH0KgrRY74O5
2943,KAsR7wJXd2Se4NEUfOtz
2944,kAtomObScfxVW1DKXUla
2945,KaTvxlcpDVC0qOis5jH7
2946,kaz4GujLsES3IDtnXc10
2947,kBdDKj9W1rQPpoHmetaG
2948,kBEUPOcpnusoYvQ57Jib
2949,kcCrogv0Dhe6A52B8URa
2950,kchO8uQA9Me4H3jZTSgm
2951,KCIYcrW1ExdiuljgTMZ3
2952,kcRZAg3mPeJXW94y57dB
2953,KCxI1ZA3oiEqc8Xe4MkO
2954,Kd1CHyERprf9NTQMlsWL
2955,kei4pRX9ENQaKFsLcOU1
2956,ken1LRYK7B4ryGmT3MfC
2957,kfgxDSAKF7tJqEwP4T10
2958,KfLD3exhzvIgCnYo0TsZ
2959,Kfn9jdUWrz5cm03hiu7S
2960,kFyYOLBqi72sHKA08vDm
2961,kg1ZDvKAN9CyWamsRIxi
2962,kG29BLiFYPgWtpb350sO
2963,KgmqlyANSkOdji1atJC7
2964,kh3ui6jzm0Q1T2IrMG8a
2965,KHDvrjpl16ZTsbyOYS9P
2966,kHN85Ynyi1daeoqwftmu
2967,KHQJDZ7toAnaeLSifmIv
2968,KHtk3pyb0qUlQr9hJda6
2969,kI2PQoudeFEDYOBTliUf
2970,kiLT9E8NrJAdchnwvBt6
2971,kISMDrwt2uQCPOmZLKHE
2972,KItq3WlgRT4s1SFYwy5Z
2973,kivFX8Jh129u4mbgysLe
2974,KivjcOQFy2PmDhodWJxC
2975,kJ1a9c6NoCv4DqA7Hh8R
2976,KjCWoeYX36Z0SEzTkiqQ
2977,KLc2AnjgPzWCTqV7iy0B
2978,kLMHFv8hXS0atbDf7nGY
2979,kLPUQYKrA1jGsJdtS0bf
2980,kmeiX6z4OhLcWACuJF9b
2981,kmf3FnduMt5Re2NZTpLG
2982,KML4D98uPc2YGCh0EtJA
2983,Kn4esMArHJhQvGk6Nd3T
2984,KOEmRNBY5PHlwqn0X2rg
2985,KOR9MFiqcBYTZ3UksX4l
2986,KOsC9hgvbu7QEk085FZp
2987,KpzMHfmGQJbXN92Sdsyx
2988,KqEgONxfHdP5lLaBIGQk
2989,KqNYZWSs4H8R6l9BiUEe
2990,KqS2u8HUWPI6jGDEhvB4
2991,kQsiVxDbAXt23wRWal57
2992,kS8dLUGCRbajYvJZyDPe
2993,KXy5fwEeZon9r6bHAvRg
2994,l0PMq9Be5ft1ciaF4IwC
2995,l5zY6vNZbOKF07uSn2Am
2996,lC4sdkhcZS6zYaE53D1v
2997,lcqv9STBAX20houtQnR3
2998,LH5pzdDSPOtgIaBC1jWo
2999,ljFT1KeZmEiHxhuRbrcd
3000,loIP1tiwELF9YNZQjSUO
